"REGION","CUSTOMER_NAME","total_sales","rank_in_region"
Central,Tamara Chand,18437.14,1
Central,Adrian Barton,12181.60,2
Central,Becky Martin,10539.90,3
Central,Sanjit Chand,9900.19,4
Central,Harry Marie,6621.47,5
Central,Helen Wasserman,6100.74,6
Central,Andy Reiter,5802.70,7
Central,Sean Braxton,5579.94,8
Central,Tonja Turnell,5301.68,9
Central,Laura Armstrong,5076.48,10
Central,Alex Avila,4780.55,11
Central,Shirley Daniels,4724.42,12
Central,Cathy Prescott,4697.37,13
Central,Ken Lonsdale,4517.30,14
Central,Philisse Overcash,3910.59,15
Central,Zuschuss Carroll,3869.80,16
Central,Dianna Wilson,3760.41,17
Central,Bill Eplett,3501.90,18
Central,Heather Kirkland,3300.20,19
Central,Brian Moss,3249.75,20
Central,Rob Lucas,3172.71,21
Central,Bart Watters,3163.53,22
Central,Bill Donatelli,2924.55,23
Central,Cassandra Brandow,2903.21,24
Central,Anna Gayman,2894.37,25
Central,Alejandro Savely,2879.87,26
Central,Theone Pippenger,2861.76,27
Central,Resi P�lking,2860.10,28
Central,Todd Sumrall,2799.96,29
Central,Sam Craven,2785.38,30
Central,Craig Molinari,2772.10,31
Central,Joel Eaton,2757.38,32
Central,Sue Ann Reed,2743.01,33
Central,Luke Foster,2680.70,34
Central,Dana Kaydos,2660.62,35
Central,Justin Ellison,2657.81,36
Central,Mick Hernandez,2656.14,37
Central,Emily Phan,2546.40,38
Central,Michael Paige,2493.72,39
Central,Liz Preis,2488.91,40
Central,Juliana Krohn,2479.96,41
Central,Frank Carlisle,2377.56,42
Central,Alejandro Grove,2374.73,43
Central,Sam Zeldin,2368.73,44
Central,Trudy Schmidt,2345.10,45
Central,Nat Carroll,2337.75,46
Central,Robert Dilbeck,2275.10,47
Central,Mike Pelletier,2236.56,48
Central,Hunter Glantz,2132.98,49
Central,David Flashing,2067.80,50
Central,Rick Wilson,2049.53,51
Central,Thea Hudgings,2027.19,52
Central,Matthew Grinstein,2017.37,53
Central,Justin Deggeller,2005.36,54
Central,Sarah Brown,1988.08,55
Central,Sanjit Jacobs,1977.47,56
Central,Brenda Bowman,1971.91,57
Central,Anna Andreadi,1971.46,58
Central,Russell Applegate,1943.74,59
Central,Steve Chapman,1937.60,60
Central,Bobby Elias,1918.33,61
Central,Clay Ludtke,1909.08,62
Central,Rick Bensley,1893.41,63
Central,Henry Goldwyn,1890.87,64
Central,Caroline Jumper,1875.13,65
Central,Steven Cartwright,1841.81,66
Central,Gary Hansen,1831.97,67
Central,Jeremy Pistek,1830.66,68
Central,Ivan Liston,1827.30,69
Central,Mark Hamilton,1825.03,70
Central,Steve Nguyen,1813.54,71
Central,Amy Cox,1793.98,72
Central,Sylvia Foulston,1786.65,73
Central,Rose O'Brian,1772.30,74
Central,Amy Hunt,1757.86,75
Central,Arthur Wiediger,1748.00,76
Central,Andrew Allen,1747.50,77
Central,Nathan Cano,1747.23,78
Central,Sara Luxemburg,1743.60,79
Central,Maria Etezadi,1737.26,80
Central,Linda Cazamias,1719.81,81
Central,Ashley Jarboe,1715.16,82
Central,Kean Takahito,1711.70,83
Central,Jack O'Briant,1671.93,84
Central,Bill Overfelt,1655.13,85
Central,Karen Daniels,1639.50,86
Central,Elizabeth Moffitt,1621.65,87
Central,Christina VanderZanden,1614.24,88
Central,Roland Fjeld,1571.37,89
Central,Katherine Murray,1569.89,90
Central,Roy Phan,1543.87,91
Central,Muhammed Yedwab,1527.72,92
Central,Stephanie Ulpright,1520.92,93
Central,Aaron Smayling,1476.27,94
Central,Denny Joy,1454.90,95
Central,Erin Ashbrook,1443.41,96
Central,Chris McAfee,1426.88,97
Central,Deanra Eno,1423.34,98
Central,Dorothy Badders,1407.20,99
Central,Matt Collister,1406.92,100
Central,Bill Tyler,1384.81,101
Central,Arthur Gainer,1372.16,102
Central,Gene Hale,1361.24,103
Central,Karen Bern,1347.85,104
Central,Joy Smith,1346.91,105
Central,Ben Peterman,1344.81,106
Central,Brian Stugart,1328.13,107
Central,Pete Kriz,1325.40,108
Central,Cynthia Voltz,1321.08,109
Central,Skye Norling,1310.56,110
Central,Matt Abelman,1309.69,111
Central,Rob Haberlin,1305.81,112
Central,Toby Braunhardt,1287.45,113
Central,Eugene Moren,1282.61,114
Central,Nathan Gelder,1278.95,115
Central,Patrick O'Brill,1264.94,116
Central,Frank Hawley,1262.16,117
Central,Adam Shillingsburg,1252.32,118
Central,Michelle Moray,1241.41,119
Central,Ralph Kennedy,1238.33,120
Central,John Lee,1233.61,121
Central,Katherine Hughes,1232.77,122
Central,Stuart Van,1228.40,123
Central,Kean Thornton,1225.56,124
Central,Victoria Wilson,1222.47,125
Central,Gary Mitchum,1199.41,126
Central,Greg Tran,1196.84,127
Central,Mark Packer,1194.86,128
Central,Seth Vernon,1190.53,129
Central,Matt Connell,1181.01,130
Central,Lindsay Shagiari,1170.73,131
Central,Damala Kotsonis,1162.77,132
Central,Dennis Kane,1138.79,133
Central,Joe Kamberova,1138.02,134
Central,Anna H�berlin,1135.39,135
Central,Lena Creighton,1126.95,136
Central,Yoseph Carroll,1122.18,137
Central,Fred McMath,1115.53,138
Central,Mick Crebagga,1111.11,139
Central,Irene Maddox,1099.96,140
Central,Robert Waldorf,1092.10,141
Central,Chris Cortes,1085.06,142
Central,Nathan Mautz,1075.03,143
Central,Frank Preis,1061.33,144
Central,Cynthia Delaney,1058.27,145
Central,Nora Paige,1055.21,146
Central,Hallie Redmond,1046.10,147
Central,Paul Van Hugh,1044.49,148
Central,Tom Boeckenhauer,1040.19,149
Central,Nick Zandusky,1037.34,150
Central,Daniel Lacy,1034.05,151
Central,Barry Franz�sisch,1026.57,152
Central,Michael Dominguez,1023.90,153
Central,Keith Dawkins,1007.35,154
Central,David Smith,1005.44,155
Central,Kelly Lampkin,1003.48,156
Central,Brian Thompson,1002.29,157
Central,Nora Pelletier,999.98,158
Central,Sally Hughsby,993.89,159
Central,Xylona Preis,989.72,160
Central,Valerie Dominguez,971.88,161
Central,Noah Childs,965.86,162
Central,Janet Martin,954.90,163
Central,Steve Carroll,952.30,164
Central,Bruce Stewart,933.95,165
Central,Maribeth Dona,933.41,166
Central,Andrew Gjertsen,915.46,167
Central,Scot Coram,911.26,168
Central,Ruben Dartt,898.56,169
Central,Max Jones,895.92,170
Central,Bryan Mills,895.88,171
Central,Mike Gockenbach,890.84,172
Central,Julie Kriz,889.54,173
Central,Sarah Jordon,886.20,174
Central,Suzanne McNair,880.04,175
Central,Brooke Gillingham,878.78,176
Central,Tom Ashbrook,872.12,177
Central,Paul Prost,865.00,178
Central,Darrin Martin,858.91,179
Central,Carol Adams,850.46,180
Central,Peter Fuller,847.20,181
Central,Natalie Fritzler,842.40,182
Central,Michael Kennedy,841.25,183
Central,Sandra Glassco,839.43,184
Central,Brosina Hoffman,830.03,185
Central,Michael Moore,823.74,186
Central,Cynthia Arntzen,822.48,187
Central,Charlotte Melton,822.05,188
Central,Bradley Drucker,813.18,189
Central,Michael Grace,807.80,190
Central,Max Engle,798.40,191
Central,Dan Reichenbach,796.32,192
Central,Neola Schneider,791.54,193
Central,Nicole Hansen,785.03,194
Central,Troy Blackwell,782.52,195
Central,Dave Brooks,781.15,196
Central,Katherine Ducich,775.01,197
Central,Stewart Carmichael,769.10,198
Central,James Galang,769.02,199
Central,David Bremer,760.98,200
Central,Benjamin Farhat,748.56,201
Central,Carol Triggs,746.35,202
Central,Mark Cousins,729.53,203
Central,Craig Yedwab,729.07,204
Central,Cyma Kinney,719.10,205
Central,Guy Armstrong,712.57,206
Central,Eugene Hildebrand,703.68,207
Central,Cyra Reiten,702.85,208
Central,Vivek Sundaresam,697.47,209
Central,Kunst Miller,697.08,210
Central,Ross DeVincentis,680.53,211
Central,Vicky Freymann,679.75,212
Central,George Ashbrook,679.39,213
Central,Maribeth Schnelling,678.40,214
Central,Shahid Shariari,677.44,215
Central,Richard Eichhorn,672.60,216
Central,Sean Christensen,668.51,217
Central,Dianna Vittorini,663.75,218
Central,Pete Armstrong,658.53,219
Central,Justin Ritter,656.22,220
Central,Jill Fjeld,651.15,221
Central,Sonia Cooley,650.14,222
Central,Pamela Stobb,646.70,223
Central,Darren Koutras,646.20,224
Central,Karen Ferguson,639.83,225
Central,Nick Radford,635.68,226
Central,Victoria Pisteka,634.13,227
Central,Liz Thompson,634.12,228
Central,Thomas Thornton,629.60,229
Central,Logan Haushalter,625.09,230
Central,Katharine Harms,622.37,231
Central,Daniel Raglin,621.59,232
Central,Sanjit Engle,621.56,233
Central,Jason Gross,619.97,234
Central,Philip Fox,617.70,235
Central,Peter B�hler,616.65,236
Central,Noel Staavos,614.48,237
Central,John Stevenson,611.89,238
Central,Stefania Perrino,609.61,239
Central,Ralph Ritter,608.55,240
Central,Tiffany House,600.83,241
Central,Alan Dominguez,600.56,242
Central,Michael Nguyen,595.38,243
Central,Shahid Collister,589.81,244
Central,Cindy Chapman,587.98,245
Central,Eric Barreto,583.16,246
Central,Brian DeCherney,582.07,247
Central,Tom Prescott,577.26,248
Central,Aaron Bergman,576.56,249
Central,Victoria Brennan,574.47,250
Central,Tracy Hopkins,564.38,251
Central,Parhena Norris,563.94,252
Central,Dan Campbell,563.07,253
Central,Maurice Satty,561.97,254
Central,Andy Gerbode,559.71,255
Central,Sean Wendt,552.23,256
Central,Janet Molinari,550.83,257
Central,Patrick O'Donnell,550.82,258
Central,Lisa Ryan,548.00,259
Central,Craig Carroll,546.80,260
Central,Corey-Lock,538.39,261
Central,Maris LaWare,534.31,262
Central,Darren Powers,533.64,263
Central,Nona Balk,528.77,264
Central,Denny Blanton,526.45,265
Central,Sean Miller,526.45,265
Central,Max Ludwig,521.47,266
Central,Giulietta Weimer,513.86,267
Central,Gary Zandusky,513.15,268
Central,Beth Paige,510.29,269
Central,Nat Gilpin,508.62,270
Central,Denise Leinenbach,508.11,271
Central,Mitch Webber,503.13,272
Central,Michelle Tran,495.71,273
Central,Hunter Lopez,491.35,274
Central,Grace Kelly,489.85,275
Central,Julia Dunbar,483.48,276
Central,Rob Dowd,481.37,277
Central,Joseph Airdo,477.50,278
Central,Duane Noonan,477.30,279
Central,Rob Williams,476.55,280
Central,Dennis Pardue,470.41,281
Central,John Castell,470.38,282
Central,Deborah Brumfield,468.26,283
Central,Rachel Payne,467.65,284
Central,Lena Cacioppo,449.46,285
Central,Corinna Mitchell,449.05,286
Central,David Wiener,448.42,287
Central,Denise Monton,445.40,288
Central,Craig Reiter,444.49,289
Central,Chloris Kastensmidt,441.25,290
Central,Jim Epp,438.01,291
Central,Dean Braden,435.83,292
Central,David Kendrick,433.56,293
Central,Rob Beeghly,428.81,294
Central,Pierre Wener,408.42,295
Central,Patrick Gardner,401.12,296
Central,Sample Company A,400.98,297
Central,Annie Thurman,399.90,298
Central,Linda Southworth,396.39,299
Central,Helen Andreada,393.42,300
Central,Anne McFarland,383.84,301
Central,Speros Goranitis,378.06,302
Central,Christine Abelman,376.64,303
Central,Meg O'Connel,376.22,304
Central,Joseph Holt,376.10,305
Central,Barry Blumstein,374.07,306
Central,Rick Reed,373.94,307
Central,Ann Steele,372.45,308
Central,Muhammed MacIntyre,361.86,309
Central,Michael Chen,358.55,310
Central,Alex Grayson,356.95,311
Central,Vivek Grady,354.02,312
Central,Evan Bailliet,352.67,313
Central,Harry Greene,348.92,314
Central,Cathy Armstrong,348.56,315
Central,Paul MacIntyre,348.54,316
Central,Anthony Rawles,347.80,317
Central,Russell D'Ascenzo,346.99,318
Central,Art Ferguson,345.66,319
Central,John Murray,345.33,320
Central,Joy Bell-,345.21,321
Central,Edward Becker,341.96,322
Central,Benjamin Venier,340.22,323
Central,Becky Castell,340.12,324
Central,Christina Anderson,339.16,325
Central,Lynn Smith,337.83,326
Central,Randy Bradley,337.82,327
Central,Stephanie Phelps,333.76,328
Central,Quincy Jones,332.60,329
Central,Zuschuss Donatelli,331.08,330
Central,Barbara Fisher,328.54,331
Central,Roy Collins,328.22,332
Central,Barry Franz,327.42,333
Central,Tony Molinari,325.86,334
Central,Jennifer Braxton,323.04,335
Central,Ryan Akin,321.39,336
Central,Maria Bertelson,321.20,337
Central,Dario Medina,321.02,338
Central,Steven Roelle,318.87,339
Central,Katrina Edelman,315.76,340
Central,Mick Brown,315.65,341
Central,Lena Hernandez,315.29,342
Central,Berenike Kampe,314.56,343
Central,Monica Federle,304.22,344
Central,Jonathan Howell,302.30,345
Central,Cathy Hwang,299.90,346
Central,Frank Gastineau,298.46,347
Central,Evan Minnotte,298.12,348
Central,Eric Hoffmann,296.67,349
Central,Carol Darley,296.02,350
Central,John Huston,293.84,351
Central,Ken Brennan,292.60,352
Central,Sarah Foster,291.85,353
Central,Phillina Ober,288.06,354
Central,Chad Cunningham,287.38,355
Central,Tanja Norvell,286.40,356
Central,Harold Engle,285.80,357
Central,Joni Sundaresam,284.84,358
Central,Matthew Clasen,283.20,359
Central,Neil Franz�sisch,281.40,360
Central,Maxwell Schwartz,279.94,361
Central,Giulietta Baptist,279.90,362
Central,Toby Ritter,278.40,363
Central,Roger Barcio,275.06,364
Central,Nora Preis,274.09,365
Central,Rick Huthwaite,273.96,366
Central,Mike Vittorini,272.42,367
Central,Dean Katz,270.35,368
Central,Erica Hernandez,269.68,369
Central,Jason Klamczynski,269.59,370
Central,Emily Ducich,268.28,371
Central,Alex Russell,265.09,372
Central,Jennifer Patt,264.03,373
Central,Ben Ferrer,260.99,374
Central,Christopher Schild,258.76,375
Central,Lisa DeCherney,257.98,376
Central,Jill Stevenson,257.51,377
Central,Dionis Lloyd,255.58,378
Central,Emily Grady,253.43,379
Central,Lycoris Saunders,253.34,380
Central,Paul Gonzalez,251.16,381
Central,Theresa Swint,250.48,382
Central,Bradley Nguyen,249.92,383
Central,Chuck Clark,249.58,384
Central,Paul Stevenson,249.56,385
Central,Trudy Glocke,248.82,386
Central,Barry Gonzalez,244.48,387
Central,Trudy Brown,243.17,388
Central,Mark Haberlin,241.50,389
Central,Kelly Williams,241.34,390
Central,Christopher Martinez,240.36,391
Central,Adam Bellavance,240.15,392
Central,Clay Rozendal,240.04,393
Central,Scot Wooten,239.36,394
Central,Ryan Crowe,233.11,395
Central,Ken Black,225.68,396
Central,Joe Elijah,224.73,397
Central,Adrian Hane,224.56,398
Central,Laurel Elliston,223.38,399
Central,Roger Demir,222.98,400
Central,Brendan Murry,219.64,401
Central,Adam Hart,217.44,402
Central,Greg Guthrie,214.72,403
Central,Sharelle Roach,212.94,404
Central,Sibella Parks,212.72,405
Central,Fred Chung,209.66,406
Central,Todd Boyes,209.38,407
Central,John Grady,209.17,408
Central,Frank Olsen,209.04,409
Central,Stuart Calhoun,208.69,410
Central,Darren Budd,203.12,411
Central,Luke Schmidt,197.28,412
Central,Michelle Arnett,196.33,413
Central,Alan Hwang,195.96,414
Central,Jeremy Farry,191.97,415
Central,Brad Eason,188.32,416
Central,Kelly Andreada,186.05,417
Central,Logan Currie,184.24,418
Central,Ed Braxton,183.30,419
Central,Michael Stewart,181.21,420
Central,Olvera Toch,180.96,421
Central,Anna Chung,179.61,422
Central,Troy Staebel,179.43,423
Central,Allen Armold,178.37,424
Central,Aimee Bixby,169.19,425
Central,Kalyca Meade,165.28,426
Central,Rick Duston,162.39,427
Central,Alyssa Crouse,162.16,428
Central,William Brown,161.18,429
Central,Tamara Manning,161.01,430
Central,Tim Brockman,159.85,431
Central,Patrick Ryan,158.38,432
Central,Claire Gute,154.88,433
Central,Dave Kipp,152.75,434
Central,Carlos Daly,152.52,435
Central,Erica Hackney,151.19,436
Central,Mary O'Rourke,151.03,437
Central,Tracy Blumstein,149.81,438
Central,Greg Hansen,146.94,439
Central,Dean percer,146.89,440
Central,Annie Zypern,146.72,441
Central,Maureen Gnade,145.51,442
Central,Richard Bierner,144.57,443
Central,Debra Catini,144.36,444
Central,Mark Van Huff,142.51,445
Central,Carl Weiss,142.34,446
Central,Harold Pawlan,141.47,447
Central,Craig Carreira,139.64,448
Central,Tracy Poddar,133.92,449
Central,Chuck Magee,132.96,450
Central,Gene McClure,131.47,451
Central,Michael Oakman,130.29,452
Central,Emily Burns,127.87,453
Central,Lori Olson,125.98,454
Central,Carl Ludwig,123.55,455
Central,Harold Dahlen,122.05,456
Central,Jason Fortune-,120.89,457
Central,Henia Zydlo,120.60,458
Central,Joel Jenkins,119.96,459
Central,Luke Weiss,118.83,460
Central,Christy Brittain,117.54,461
Central,Erica Smith,117.46,462
Central,Pauline Webber,115.84,463
Central,Sung Shariari,114.84,464
Central,Guy Thornton,112.91,465
Central,Eric Murdock,111.76,466
Central,Cindy Schnelling,111.67,467
Central,Karl Braun,111.65,468
Central,Joy Daniels,110.84,469
Central,Odella Nelson,110.81,470
Central,Chris Selesnick,108.50,471
Central,Bart Pistole,108.44,472
Central,Tamara Dahlen,108.19,473
Central,Edward Nazzal,107.53,474
Central,Katrina Willman,106.56,475
Central,Janet Lee,104.92,476
Central,Kristina Nunn,100.86,477
Central,Pete Takahito,100.75,478
Central,Valerie Takahito,100.24,479
Central,Jeremy Lonsdale,99.88,480
Central,Shirley Jackson,97.26,481
Central,Keith Herrera,96.69,482
Central,Neoma Murray,95.06,483
Central,Ellis Ballard,94.43,484
Central,Ed Jacobs,92.86,485
Central,Dorothy Dickinson,92.42,486
Central,Peter McVee,91.54,487
Central,Bobby Trafton,91.53,488
Central,Sung Pak,91.52,489
Central,Charles Crestani,89.82,490
Central,Chad Sievert,88.80,491
Central,Carlos Soltero,87.31,492
Central,Ed Ludwig,86.62,493
Central,Bryan Davis,86.35,494
Central,Ken Heidel,86.26,495
Central,Don Weiss,84.61,496
Central,Frank Atkinson,80.88,497
Central,Penelope Sewall,79.36,498
Central,Elpida Rittenbach,77.88,499
Central,Sally Matthias,77.49,500
Central,Doug O'Connell,76.64,501
Central,Neil Knudson,74.35,502
Central,Maribeth Yedwab,73.68,503
Central,Jennifer Ferguson,73.58,504
Central,Jay Fein,73.56,505
Central,Nicole Fjeld,73.01,506
Central,Alice McCarthy,72.60,507
Central,Candace McMahon,70.31,508
Central,Phillip Breyer,69.93,509
Central,Katherine Nockton,68.72,510
Central,Michelle Lonsdale,67.21,511
Central,Julie Creighton,67.15,512
Central,Frank Merwin,65.84,513
Central,Scott Cohen,65.03,514
Central,Bill Shonely,64.59,515
Central,Delfina Latchford,63.16,516
Central,Corey Catlett,61.79,517
Central,Jennifer Jackson,61.60,518
Central,Natalie DeCherney,61.49,519
Central,Jeremy Ellison,60.45,520
Central,Thomas Boland,60.42,521
Central,Nick Crebassa,58.42,522
Central,Saphhira Shifley,56.28,523
Central,Tim Taslimi,54.96,524
Central,Heather Jas,53.72,525
Central,Tony Chapman,53.35,526
Central,Julia West,53.09,527
Central,Don Miller,52.10,528
Central,Anthony Garverick,51.60,529
Central,Lisa Hazard,51.18,530
Central,John Dryer,50.78,531
Central,Roy Franz�sisch,49.63,532
Central,Brad Norvell,49.62,533
Central,Kean Nguyen,48.63,534
Central,Shirley Schmidt,47.97,535
Central,Patrick Jones,47.27,536
Central,Raymond Messe,46.86,537
Central,Sonia Sunley,46.40,538
Central,Sandra Flanagan,45.04,539
Central,Herbert Flentye,43.85,540
Central,Allen Rosenblatt,41.28,541
Central,Melanie Seite,40.54,542
Central,Sarah Bern,38.57,543
Central,Erin Creighton,38.16,544
Central,Susan Gilcrest,37.45,545
Central,Alan Barnes,37.30,546
Central,Matt Collins,36.29,547
Central,Jack Lebron,34.75,548
Central,Meg Tillman,34.05,549
Central,Brendan Sweed,33.40,550
Central,Dave Poirier,32.56,551
Central,Stewart Visinsky,32.40,552
Central,Liz Carlisle,30.56,553
Central,Tom Stivers,30.36,554
Central,Erin Mull,30.34,555
Central,Natalie Webber,30.32,556
Central,Anthony Witt,30.26,557
Central,Thomas Seio,28.84,558
Central,Anne Pryor,27.17,559
Central,John Lucas,26.63,560
Central,Eileen Kiefer,25.49,561
Central,Fred Harton,24.82,562
Central,Barry Pond,24.04,563
Central,Susan Pistek,23.99,564
Central,Jesus Ocampo,23.55,565
Central,Edward Hooks,22.99,566
Central,Scott Williamson,22.38,567
Central,Joni Blumstein,22.37,568
Central,Mary Zewe,22.15,569
Central,Toby Carlisle,21.99,570
Central,Laurel Workman,20.64,571
Central,Raymond Buch,20.23,572
Central,Rick Hansen,20.16,573
Central,Julie Prescott,19.67,574
Central,Corey Roper,19.44,575
Central,Victor Preis,19.00,576
Central,George Bell,18.72,577
Central,Cari Sayre,18.42,578
Central,Ralph Arnett,18.26,579
Central,Catherine Glotzbach,18.24,580
Central,Helen Abelman,17.50,581
Central,Duane Benoit,17.33,582
Central,Beth Thompson,17.12,583
Central,Dianna Arnett,16.61,584
Central,Paul Lucas,16.52,585
Central,Vivian Mathis,16.28,586
Central,Shui Tom,16.18,587
Central,Alan Haines,16.03,588
Central,Angele Hood,15.98,589
Central,Susan Vittorini,15.58,590
Central,Ross Baird,15.28,591
Central,Daniel Byrd,15.01,592
Central,Ann Blume,14.48,593
Central,Sung Chung,14.11,594
Central,Alejandro Ballentine,13.62,595
Central,Benjamin Patterson,12.86,596
Central,Ann Chong,12.77,597
Central,Roy Skaria,12.68,598
Central,Bill Stewart,12.62,599
Central,Ben Wallace,12.18,600
Central,Clytie Kelty,12.13,601
Central,Randy Ferguson,11.95,602
Central,Andrew Roberts,10.80,603
Central,Bruce Geld,10.78,604
Central,Clay Cheatham,10.37,605
Central,Charles Sheldon,9.99,606
Central,Maya Herman,9.25,607
Central,Craig Leslie,8.76,608
Central,Michael Granlund,8.74,609
Central,Dave Hallsten,8.71,610
Central,David Philippe,8.02,611
Central,Mathew Reese,7.68,612
Central,Evan Henry,6.93,613
Central,Matt Hagelstein,6.82,614
Central,Dan Lawera,6.00,615
Central,Lela Donovan,5.30,616
Central,Michelle Ellison,5.18,617
Central,Laurel Beltran,3.14,618
Central,Valerie Mitchum,2.91,619
Central,Kelly Collister,2.30,620
Central,Larry Blacks,1.99,621
Central,Michelle Huthwaite,1.79,622
Central,Charles McCrossin,1.74,623
Central,Cari Schnelling,1.72,624
Central,Dorris liebe,1.62,625
Central,Christopher Conant,1.25,626
Central,Toby Swindell,1.11,627
Central,Roland Schwarz,0.56,628
East,Tom Ashbrook,13723.50,1
East,Hunter Lopez,10522.55,2
East,Bill Shonely,10022.29,3
East,Greg Tran,9382.94,4
East,Seth Vernon,9216.56,5
East,Christopher Conant,8765.66,6
East,Peter Fuller,7678.22,7
East,Todd Sumrall,7629.21,8
East,Tom Boeckenhauer,6999.96,9
East,Daniel Raglin,6937.87,10
East,Karen Daniels,6241.28,11
East,Keith Dawkins,5871.73,12
East,Caroline Jumper,5441.57,13
East,Quincy Jones,5432.98,14
East,Pete Kriz,5073.00,15
East,Luke Weiss,5048.18,16
East,Cindy Stewart,5016.56,17
East,Darrin Martin,4952.10,18
East,Natalie Fritzler,4863.54,19
East,Joseph Airdo,4842.75,20
East,Nathan Mautz,4821.29,21
East,John Murray,4769.83,22
East,Tom Prescott,4738.76,23
East,Adam Bellavance,4487.36,24
East,Anthony Jacobs,4486.44,25
East,Suzanne McNair,4454.27,26
East,Christine Phan,4165.00,27
East,Tracy Blumstein,4087.13,28
East,Corinna Mitchell,3999.79,29
East,Steven Roelle,3904.68,30
East,Susan Pistek,3903.12,31
East,Mitch Webber,3799.39,32
East,Natalie Webber,3769.78,33
East,Victoria Wilson,3725.51,34
East,Ross Baird,3655.11,35
East,Brian Moss,3524.45,36
East,Rick Hansen,3491.71,37
East,Naresj Patel,3385.62,38
East,Jonathan Doherty,3382.01,39
East,Peter McVee,3332.97,40
East,Justin Deggeller,3257.56,41
East,Lena Creighton,3220.27,42
East,Stefania Perrino,3150.55,43
East,Annie Thurman,3126.16,44
East,Dean percer,3122.26,45
East,Yoseph Carroll,3116.49,46
East,Doug Jacobs,3036.43,47
East,Stewart Carmichael,3015.67,48
East,Pierre Wener,2970.49,49
East,John Lee,2870.70,50
East,Katherine Murray,2846.22,51
East,Deborah Brumfield,2845.07,52
East,Edward Hooks,2840.11,53
East,Karen Ferguson,2633.51,54
East,Speros Goranitis,2622.89,55
East,Emily Ducich,2621.32,56
East,Deirdre Greer,2594.04,57
East,Ken Heidel,2588.88,58
East,Joe Elijah,2588.76,59
East,Kean Thornton,2587.68,60
East,Gary Zandusky,2587.40,61
East,Rick Reed,2584.73,62
East,Clay Ludtke,2546.93,63
East,Rick Huthwaite,2545.12,64
East,Katharine Harms,2525.92,65
East,Frank Preis,2503.45,66
East,Ann Chong,2444.56,67
East,Maribeth Schnelling,2292.34,68
East,Matt Abelman,2281.84,69
East,Nora Paige,2258.28,70
East,Brenda Bowman,2256.75,71
East,Erin Smith,2252.48,72
East,Trudy Brown,2222.94,73
East,Valerie Dominguez,2220.06,74
East,Adam Hart,2214.06,75
East,Muhammed Yedwab,2207.51,76
East,Katherine Nockton,2146.71,77
East,Laura Armstrong,2123.71,78
East,Anne McFarland,2116.51,79
East,Edward Nazzal,2091.83,80
East,Dan Reichenbach,2069.33,81
East,Nora Preis,2064.49,82
East,Dave Brooks,2040.99,83
East,Edward Becker,2034.04,84
East,Carol Adams,2024.41,85
East,Natalie DeCherney,2006.30,86
East,Eugene Barchas,1976.84,87
East,Emily Phan,1958.77,88
East,Robert Waldorf,1958.54,89
East,Adam Shillingsburg,1954.36,90
East,Kunst Miller,1953.86,91
East,Toby Carlisle,1944.47,92
East,Chris Cortes,1931.18,93
East,Claudia Bergmann,1925.58,94
East,Craig Carroll,1884.14,95
East,Gary Mitchum,1879.22,96
East,Dionis Lloyd,1864.59,97
East,Ben Ferrer,1851.23,98
East,James Galang,1848.24,99
East,Ivan Liston,1846.42,100
East,Stewart Visinsky,1809.12,101
East,Frank Merwin,1803.14,102
East,Grace Kelly,1793.98,103
East,Cynthia Arntzen,1793.13,104
East,Roger Barcio,1786.71,105
East,Tracy Hopkins,1780.56,106
East,Mick Hernandez,1772.29,107
East,Christy Brittain,1771.68,108
East,Mark Packer,1750.95,109
East,Rick Duston,1745.36,110
East,Mike Pelletier,1739.29,111
East,David Bremer,1736.17,112
East,Dave Poirier,1729.10,113
East,Bill Stewart,1716.64,114
East,Allen Rosenblatt,1689.36,115
East,Maribeth Dona,1677.60,116
East,Chuck Clark,1675.89,117
East,Kalyca Meade,1675.44,118
East,Valerie Takahito,1636.36,119
East,Joe Kamberova,1614.13,120
East,Lisa DeCherney,1609.32,121
East,Pamela Coakley,1605.05,122
East,Dean Katz,1589.96,123
East,Pauline Webber,1589.10,124
East,Carol Triggs,1586.33,125
East,Carlos Daly,1584.57,126
East,Eugene Hildebrand,1571.91,127
East,Art Ferguson,1562.09,128
East,Jamie Frazer,1559.50,129
East,Olvera Toch,1556.69,130
East,Dean Braden,1547.89,131
East,Paul Prost,1542.35,132
East,Brad Eason,1539.33,133
East,Thea Hendricks,1537.55,134
East,Eva Jacobs,1517.05,135
East,Fred Hopkins,1505.78,136
East,Harold Pawlan,1496.03,137
East,Filia McAdams,1484.75,138
East,Ted Butterfield,1467.89,139
East,Laurel Beltran,1465.07,140
East,Christine Kargatis,1448.85,141
East,Dave Hallsten,1445.68,142
East,Noel Staavos,1437.29,143
East,Anna Andreadi,1434.33,144
East,Darren Budd,1433.59,145
East,Jim Karlsson,1424.91,146
East,Paul Knutson,1422.25,147
East,Lindsay Shagiari,1415.96,148
East,Ed Braxton,1411.49,149
East,Logan Currie,1408.34,150
East,Janet Martin,1407.43,151
East,Emily Grady,1380.87,152
East,Valerie Mitchum,1379.54,153
East,Jennifer Patt,1371.30,154
East,Neola Schneider,1370.54,155
East,Frank Hawley,1369.54,156
East,Sean Braxton,1368.12,157
East,Shahid Shariari,1363.67,158
East,Rob Lucas,1344.84,159
East,Carlos Soltero,1316.64,160
East,Brian Thompson,1283.40,161
East,Jessica Myrick,1272.12,162
East,Georgia Rosenberg,1271.42,163
East,Patrick O'Brill,1269.86,164
East,Dianna Vittorini,1257.82,165
East,John Grady,1256.97,166
East,Nat Gilpin,1249.05,167
East,Ben Peterman,1241.81,168
East,Ricardo Sperren,1230.43,169
East,Harold Ryan,1229.89,170
East,Shaun Weien,1217.57,171
East,Michael Paige,1217.11,172
East,Justin Hirsh,1215.52,173
East,Maureen Gnade,1196.78,174
East,Dennis Kane,1193.00,175
East,Sheri Gordon,1189.33,176
East,Ken Lonsdale,1185.54,177
East,Grant Thornton,1183.78,178
East,Michael Kennedy,1179.27,179
East,Magdelene Morse,1177.06,180
East,Delfina Latchford,1176.24,181
East,Harry Marie,1172.95,182
East,Troy Staebel,1163.11,183
East,Craig Reiter,1156.06,184
East,Bart Pistole,1153.91,185
East,Michael Nguyen,1153.60,186
East,Alan Dominguez,1152.98,187
East,Patrick Gardner,1151.22,188
East,Susan Vittorini,1145.52,189
East,Greg Matthias,1140.09,190
East,Chloris Kastensmidt,1133.94,191
East,Brosina Hoffman,1130.30,192
East,Carl Ludwig,1121.72,193
East,Michael Moore,1113.00,194
East,Jason Gross,1112.07,195
East,Jay Kimmel,1099.90,196
East,Julie Kriz,1099.33,197
East,Denny Blanton,1098.07,198
East,Sibella Parks,1093.37,199
East,Janet Lee,1091.55,200
East,Neil Ducich,1085.42,201
East,Don Miller,1082.15,202
East,Maris LaWare,1052.05,203
East,David Philippe,1050.60,204
East,Janet Molinari,1045.21,205
East,Susan MacKendrick,1043.05,206
East,Rick Bensley,1039.59,207
East,Theresa Coyne,1038.26,208
East,Helen Abelman,1036.63,209
East,Barry Franz�sisch,1035.80,210
East,Maxwell Schwartz,1033.48,211
East,Benjamin Patterson,1022.97,212
East,Luke Foster,1021.44,213
East,Bruce Stewart,1011.57,214
East,Roland Schwarz,1006.12,215
East,Erin Ashbrook,989.34,216
East,Marc Harrigan,987.18,217
East,Shirley Jackson,968.40,218
East,Sung Pak,967.46,219
East,Brooke Gillingham,966.07,220
East,Theresa Swint,956.21,221
East,Sarah Bern,954.55,222
East,Pamela Stobb,953.11,223
East,Marina Lichtenstein,946.42,224
East,Katherine Ducich,940.43,225
East,Stephanie Phelps,939.00,226
East,Bradley Nguyen,936.12,227
East,Barry Pond,926.08,228
East,Scott Cohen,919.85,229
East,Richard Bierner,919.18,230
East,Thea Hudgings,915.59,231
East,Kelly Andreada,914.58,232
East,Scott Williamson,912.99,233
East,Giulietta Weimer,911.04,234
East,Frank Gastineau,903.03,235
East,David Smith,900.06,236
East,Jill Fjeld,899.95,237
East,Carl Weiss,899.82,238
East,Clytie Kelty,899.18,239
East,Victor Preis,899.11,240
East,Craig Yedwab,895.94,241
East,George Bell,890.37,242
East,Sally Knutson,883.41,243
East,Christine Sundaresam,877.09,244
East,Dennis Bolton,863.85,245
East,Matt Collister,855.60,246
East,Lisa Ryan,847.80,247
East,Ted Trevino,841.48,248
East,Sean Miller,837.45,249
East,Maureen Gastineau,835.01,250
East,Karl Braun,820.33,251
East,Gene McClure,815.14,252
East,Eugene Moren,807.54,253
East,Toby Braunhardt,806.81,254
East,Alan Hwang,801.99,255
East,Chad McGuire,800.04,256
East,Aimee Bixby,797.52,257
East,Christina DeMoss,796.03,258
East,Dario Medina,795.41,259
East,Sean O'Donnell,794.57,260
East,Alex Russell,790.60,261
East,Dorothy Wardle,788.15,262
East,Resi P�lking,773.53,263
East,Mary O'Rourke,771.46,264
East,Thomas Brumley,767.21,265
East,Laurel Workman,765.49,266
East,Joel Eaton,765.15,267
East,Anthony Rawles,765.07,268
East,Phillina Ober,764.49,269
East,Bryan Spruell,760.80,270
East,Victoria Brennan,756.80,271
East,Mike Gockenbach,755.10,272
East,Michelle Moray,754.36,273
East,Steven Cartwright,747.57,274
East,Nona Balk,747.19,275
East,Jennifer Braxton,746.43,276
East,Tony Sayre,744.32,277
East,Christopher Schild,743.99,278
East,Giulietta Dortch,737.40,279
East,Daniel Lacy,733.56,280
East,Victoria Pisteka,732.26,281
East,Cynthia Voltz,728.23,282
East,Duane Noonan,711.06,283
East,Patrick O'Donnell,705.29,284
East,Liz MacKendrick,700.65,285
East,Chris McAfee,698.50,286
East,Katrina Bavinger,697.52,287
East,Katrina Edelman,692.13,288
East,Raymond Buch,691.35,289
East,Frank Olsen,682.22,290
East,Cyra Reiten,681.91,291
East,Max Ludwig,674.31,292
East,Michael Stewart,673.91,293
East,Dorris liebe,673.82,294
East,Philisse Overcash,673.21,295
East,Randy Bradley,670.38,296
East,Becky Castell,669.37,297
East,Steven Ward,663.96,298
East,Evan Henry,663.80,299
East,Raymond Messe,658.58,300
East,Tim Brockman,655.88,301
East,Emily Burns,655.18,302
East,Andy Gerbode,654.78,303
East,Dave Kipp,648.69,304
East,Sandra Flanagan,638.88,305
East,Dorothy Badders,636.58,306
East,Denise Monton,630.37,307
East,Ken Brennan,629.95,308
East,Joni Blumstein,627.92,309
East,Irene Maddox,627.77,310
East,Maria Bertelson,620.91,311
East,Astrea Jones,618.61,312
East,Becky Martin,611.03,313
East,Jennifer Jackson,610.95,314
East,Liz Carlisle,609.43,315
East,Harold Engle,597.73,316
East,Julie Prescott,583.85,317
East,Gary McGarr,583.41,318
East,Ralph Arnett,579.29,319
East,Mathew Reese,578.74,320
East,Sam Craven,577.58,321
East,Denny Ordway,570.84,322
East,Jesus Ocampo,570.50,323
East,Catherine Glotzbach,566.94,324
East,Shaun Chance,562.55,325
East,Amy Hunt,562.55,325
East,Bill Donatelli,562.50,326
East,Katrina Willman,562.03,327
East,Matt Collins,560.76,328
East,Tanja Norvell,559.93,329
East,Tony Molinari,558.81,330
East,Jim Radford,552.56,331
East,Mick Crebagga,551.01,332
East,Christine Abelman,550.02,333
East,Liz Preis,548.96,334
East,Maribeth Yedwab,547.30,335
East,Tom Stivers,545.93,336
East,Brendan Murry,545.13,337
East,Julia Barnett,540.26,338
East,Shahid Collister,538.07,339
East,Kelly Lampkin,537.61,340
East,John Castell,537.31,341
East,Becky Pak,530.70,342
East,Charles McCrossin,528.06,343
East,Doug O'Connell,517.59,344
East,Anne Pryor,513.78,345
East,Sanjit Engle,513.73,346
East,Brian Derr,511.65,347
East,Ben Wallace,511.52,348
East,Jeremy Lonsdale,510.68,349
East,Eleni McCrary,510.63,350
East,Beth Paige,508.02,351
East,Bill Overfelt,504.51,352
East,Paul Gonzalez,500.14,353
East,Jim Kriz,493.27,354
East,Bill Eplett,490.94,355
East,Art Foster,489.91,356
East,Jim Sink,478.05,357
East,William Brown,475.86,358
East,Odella Nelson,469.89,359
East,Sarah Brown,469.40,360
East,Maurice Satty,469.39,361
East,Sean Wendt,466.81,362
East,Yana Sorensen,465.18,363
East,Mark Van Huff,463.92,364
East,Joni Wasserman,462.64,365
East,Sam Zeldin,459.41,366
East,Troy Blackwell,458.36,367
East,Matthew Grinstein,457.57,368
East,Jim Mitchum,455.05,369
East,Heather Kirkland,450.09,370
East,Lena Hernandez,450.04,371
East,Craig Leslie,449.91,372
East,George Ashbrook,449.45,373
East,Nick Zandusky,440.50,374
East,Bobby Trafton,440.05,375
East,Brendan Sweed,438.58,376
East,Nick Radford,436.96,377
East,Roger Demir,435.25,378
East,Herbert Flentye,430.94,379
East,Cyma Kinney,429.55,380
East,Sung Shariari,428.98,381
East,Bryan Davis,428.87,382
East,Sean Christensen,422.91,383
East,Ed Jacobs,422.86,384
East,Michael Granlund,416.23,385
East,Brad Thomas,415.20,386
East,Robert Marley,415.05,387
East,Lynn Smith,414.63,388
East,Cassandra Brandow,408.62,389
East,Benjamin Venier,405.30,390
East,Shirley Daniels,405.20,391
East,Annie Zypern,403.42,392
East,Cindy Schnelling,403.27,393
East,Christina Anderson,401.94,394
East,Darrin Sayre,400.61,395
East,Skye Norling,399.49,396
East,Erica Hackney,391.14,397
East,Mark Hamilton,388.85,398
East,Bradley Talbott,381.96,399
East,Shahid Hopkins,370.84,400
East,Jamie Kunitz,370.22,401
East,Ivan Gibson,370.14,402
East,Harry Greene,366.80,403
East,David Kendrick,364.27,404
East,Mary Zewe,362.59,405
East,Jill Stevenson,362.24,406
East,Helen Wasserman,355.32,407
East,Hunter Glantz,350.06,408
East,Elizabeth Moffitt,345.26,409
East,Bart Watters,342.49,410
East,Max Jones,339.80,411
East,Barry Weirich,339.36,412
East,Meg Tillman,335.38,413
East,Corey Roper,334.68,414
East,Aaron Hawkins,330.12,415
East,Dan Campbell,325.59,416
East,Kristina Nunn,325.33,417
East,Anthony Witt,321.25,418
East,Jane Waco,320.02,419
East,Carol Darley,318.96,420
East,Cindy Chapman,318.11,421
East,Cathy Armstrong,314.98,422
East,John Lucas,314.85,423
East,Neil Knudson,313.84,424
East,Meg O'Connel,311.91,425
East,Tamara Willingham,303.19,426
East,Nicole Fjeld,302.48,427
East,Maya Herman,295.65,428
East,Lori Olson,295.42,429
East,Jim Epp,292.82,430
East,Liz Thompson,291.70,431
East,Henry Goldwyn,289.66,432
East,Ryan Crowe,289.23,433
East,Shui Tom,286.83,434
East,Jack O'Briant,284.68,435
East,Kean Nguyen,274.20,436
East,Jeremy Ellison,271.25,437
East,Corey Catlett,267.35,438
East,Sharelle Roach,265.27,439
East,Mick Brown,263.55,440
East,Giulietta Baptist,260.06,441
East,Arthur Gainer,259.94,442
East,Craig Carreira,259.44,443
East,Duane Benoit,259.06,444
East,Bart Folk,258.28,445
East,Monica Federle,258.08,446
East,Justin MacKendrick,250.90,447
East,Melanie Seite,249.88,448
East,Toby Ritter,249.79,449
East,Pauline Johnson,246.56,450
East,Joy Daniels,245.35,451
East,Randy Ferguson,245.21,452
East,Erica Smith,239.97,453
East,Don Jones,239.90,454
East,Chuck Sachs,238.68,455
East,Scot Wooten,237.14,456
East,Guy Phonely,236.53,457
East,John Dryer,227.96,458
East,Dan Lawera,223.29,459
East,Ralph Kennedy,221.86,460
East,Jeremy Farry,219.05,461
East,John Huston,216.90,462
East,Ellis Ballard,212.88,463
East,David Flashing,212.64,464
East,Michael Grace,207.48,465
East,Allen Armold,206.73,466
East,Xylona Preis,201.12,467
East,Neoma Murray,198.16,468
East,Joy Bell-,197.92,469
East,Charles Sheldon,196.21,470
East,Andrew Roberts,195.75,471
East,Tamara Manning,193.26,472
East,Brian Dahlen,192.99,473
East,Michelle Arnett,191.65,474
East,Anna Chung,191.34,475
East,Fred Harton,189.92,476
East,Darrin Van Huff,188.55,477
East,Cathy Prescott,187.21,478
East,Joni Sundaresam,184.32,479
East,Roy Collins,181.80,480
East,Gary Hansen,178.21,481
East,Vivian Mathis,177.34,482
East,Erin Mull,177.15,483
East,Bryan Mills,175.46,484
East,Frank Carlisle,175.27,485
East,John Stevenson,172.11,486
East,Sarah Foster,170.63,487
East,Chad Cunningham,170.27,488
East,Erica Hernandez,167.64,489
East,Damala Kotsonis,167.51,490
East,Fred McMath,166.55,491
East,Berenike Kampe,163.62,492
East,Parhena Norris,162.70,493
East,Michael Dominguez,162.00,494
East,Alan Haines,161.35,495
East,Ken Black,159.75,496
East,Eric Hoffmann,158.32,497
East,Max Engle,155.94,498
East,Nicole Hansen,154.62,499
East,Alejandro Grove,152.67,500
East,Brian DeCherney,148.13,501
East,Christina VanderZanden,147.26,502
East,Ken Dana,146.69,503
East,Tiffany House,146.19,504
East,Nicole Brennan,143.95,505
East,Sally Matthias,143.53,506
East,Julie Creighton,142.92,507
East,Alan Shonely,139.82,508
East,Toby Gnade,137.94,509
East,Maureen Fritzler,137.51,510
East,Stephanie Ulpright,136.43,511
East,Jennifer Ferguson,134.52,512
East,Patrick Jones,134.50,513
East,Paul Lucas,134.40,514
East,Charlotte Melton,131.29,515
East,Dianna Arnett,130.51,516
East,Mark Cousins,130.40,517
East,Alice McCarthy,129.83,518
East,Harold Dahlen,129.31,519
East,Darren Powers,125.62,520
East,Tamara Dahlen,124.03,521
East,Nat Carroll,123.66,522
East,Penelope Sewall,123.06,523
East,Jay Fein,122.62,524
East,Alejandro Ballentine,121.58,525
East,Alan Barnes,118.32,526
East,Adrian Barton,117.96,527
East,Andrew Gjertsen,114.38,528
East,Lena Cacioppo,111.10,529
East,Tony Chapman,110.70,530
East,Sylvia Foulston,109.60,531
East,Cathy Hwang,109.36,532
East,Lisa Hazard,107.98,533
East,Scot Coram,105.52,534
East,Noah Childs,103.48,535
East,Kelly Collister,103.06,536
East,Sonia Cooley,102.93,537
East,Luke Schmidt,100.62,538
East,Todd Boyes,100.10,539
East,Nora Pelletier,98.96,540
East,Deanra Eno,98.36,541
East,Roland Murray,98.35,542
East,Lycoris Saunders,96.10,543
East,Paul Van Hugh,90.60,544
East,Julia West,88.70,545
East,Don Weiss,88.04,546
East,Thomas Seio,87.54,547
East,Brian Stugart,86.38,548
East,Linda Southworth,85.92,549
East,Tamara Chand,85.85,550
East,Andy Reiter,85.78,551
East,Duane Huffman,85.30,552
East,Rob Dowd,85.21,553
East,Muhammed MacIntyre,84.38,554
East,Saphhira Shifley,84.04,555
East,Ross DeVincentis,82.96,556
East,Aleksandra Gannaway,81.94,557
East,Logan Haushalter,79.38,558
East,Guy Armstrong,76.87,559
East,Mike Vittorini,76.30,560
East,Larry Tron,74.35,561
East,Steve Chapman,73.54,562
East,Cynthia Delaney,73.33,563
East,Sara Luxemburg,72.51,564
East,Anna H�berlin,70.88,565
East,Karen Carlisle,70.54,566
East,Arianne Irving,70.37,567
East,Sally Hughsby,70.22,568
East,Amy Cox,70.21,569
East,Tracy Collins,68.85,570
East,Craig Molinari,68.53,571
East,Rob Williams,65.99,572
East,Aaron Smayling,65.78,573
East,Eudokia Martin,65.12,574
East,Chris Selesnick,64.96,575
East,Michelle Huthwaite,63.88,576
East,Phillip Breyer,62.81,577
East,Eric Murdock,62.60,578
East,Vivek Grady,62.39,579
East,Tim Taslimi,61.44,580
East,Bruce Geld,60.31,581
East,Jennifer Halladay,59.91,582
East,Thomas Thornton,58.12,583
East,Jack Lebron,57.79,584
East,Alyssa Crouse,57.58,585
East,Greg Guthrie,57.09,586
East,Benjamin Farhat,56.52,587
East,Roy Franz�sisch,55.98,588
East,Adrian Shami,54.64,589
East,Fred Chung,51.97,590
East,Kristen Hastings,51.45,591
East,Michelle Ellison,51.17,592
East,Nathan Cano,51.08,593
East,Philip Fox,50.00,594
East,Barbara Fisher,49.72,595
East,Russell Applegate,48.94,596
East,Ricardo Emerson,48.36,597
East,Ruben Dartt,47.50,598
East,Allen Goldenen,47.16,599
East,Bruce Degenhardt,46.72,600
East,George Zrebassa,46.26,601
East,Thomas Boland,46.00,602
East,Katherine Hughes,45.45,603
East,Zuschuss Carroll,43.92,604
East,Fred Wasserman,43.60,605
East,Henia Zydlo,42.00,606
East,Marc Crier,41.37,607
East,Peter B�hler,40.78,608
East,Sanjit Jacobs,40.69,609
East,Shirley Schmidt,39.48,610
East,Lindsay Castell,37.78,611
East,Mark Haberlin,37.77,612
East,Ed Ludwig,37.66,613
East,Mike Caudle,33.48,614
East,Nick Crebassa,31.74,615
East,Philip Brown,31.27,616
East,Erin Creighton,31.16,617
East,Matt Hagelstein,30.96,618
East,Cari Schnelling,30.59,619
East,Bobby Elias,30.35,620
East,Laurel Elliston,29.90,621
East,Richard Eichhorn,29.61,622
East,Alex Avila,29.50,623
East,Paul Stevenson,27.98,624
East,Andrew Allen,27.46,625
East,Alan Schoenberger,26.80,626
East,Ryan Akin,25.49,627
East,Jill Matthias,25.06,628
East,Karen Bern,24.40,629
East,Alejandro Savely,23.99,630
East,Jason Klamczynski,23.36,631
East,Sample Company A,22.20,632
East,Sue Ann Reed,21.93,633
East,Roland Fjeld,21.93,633
East,MaryBeth Skach,21.40,634
East,Bill Tyler,20.45,635
East,Joy Smith,19.46,636
East,Khloe Miller,19.31,637
East,Toby Swindell,17.61,638
East,Barry Blumstein,17.48,639
East,Lauren Leatherbury,17.46,640
East,Alyssa Tate,16.86,641
East,Dennis Pardue,16.66,642
East,Carl Jackson,16.52,643
East,Robert Dilbeck,16.52,643
East,Matt Connell,15.23,644
East,Helen Andreada,14.20,645
East,Jasper Cacioppo,13.49,646
East,Sanjit Chand,12.70,647
East,Brad Norvell,12.58,648
East,Denise Leinenbach,12.42,649
East,Theone Pippenger,11.63,650
East,Clay Rozendal,10.53,651
East,Susan Gilcrest,10.50,652
East,Liz Willingham,10.36,653
East,Roy Skaria,9.65,654
East,Justin Ritter,8.90,655
East,Linda Cazamias,8.40,656
East,Andy Yotov,8.02,657
East,Larry Hughes,6.57,658
East,Bobby Odegard,6.08,659
East,Michael Chen,6.03,660
East,Hallie Redmond,5.94,661
East,Jonathan Howell,5.90,662
East,Anthony Garverick,5.89,663
East,Ann Steele,5.68,664
East,Corey-Lock,5.04,665
East,Anthony Johnson,4.99,666
East,Arthur Wiediger,4.93,667
East,Henry MacAllister,4.62,668
East,Dorothy Dickinson,3.30,669
East,Nathan Gelder,2.62,670
East,Jas O'Carroll,0.85,671
South,Sean Miller,23669.21,1
South,Sanjit Engle,8805.04,2
South,Grant Thornton,8167.42,3
South,Christopher Martinez,6682.26,4
South,Jim Epp,6264.35,5
South,Anna H�berlin,5369.68,6
South,Maria Etezadi,5156.56,7
South,Patrick O'Brill,4732.34,8
South,Shahid Collister,4646.36,9
South,John Lee,4519.84,10
South,Joseph Holt,4297.64,11
South,Greg Maxwell,4251.92,12
South,Giulietta Baptist,4176.34,13
South,Kristen Hastings,3769.56,14
South,Katrina Willman,3747.93,15
South,Caroline Jumper,3740.51,16
South,Thomas Boland,3482.87,17
South,Dean percer,3464.89,18
South,Mitch Willingham,3333.90,19
South,Penelope Sewall,3268.36,20
South,Mark Cousins,3236.41,21
South,Bradley Drucker,3228.09,22
South,Thomas Seio,2959.07,23
South,Randy Ferguson,2958.81,24
South,Denise Monton,2755.12,25
South,Joe Elijah,2630.33,26
South,Natalie Fritzler,2616.88,27
South,Lauren Leatherbury,2614.71,28
South,Barry Gonzalez,2554.48,29
South,Ruben Ausman,2529.23,30
South,Meg Tillman,2503.47,31
South,Paul Prost,2475.04,32
South,Joel Eaton,2469.26,33
South,Kelly Lampkin,2456.70,34
South,Dan Campbell,2447.51,35
South,Jill Fjeld,2442.37,36
South,Jonathan Doherty,2344.43,37
South,Anne McFarland,2229.21,38
South,Alan Schoenberger,2216.80,39
South,Jamie Kunitz,2063.15,40
South,Karen Carlisle,2033.29,41
South,Rose O'Brian,1998.84,42
South,Corey Catlett,1983.84,43
South,Irene Maddox,1979.89,44
South,Alan Hwang,1943.00,45
South,Natalie Webber,1918.79,46
South,Christine Sundaresam,1910.98,47
South,Victoria Pisteka,1893.79,48
South,Tracy Hopkins,1889.16,49
South,Dorothy Badders,1865.02,50
South,Hunter Lopez,1859.40,51
South,Dave Hallsten,1841.79,52
South,Chris Selesnick,1829.60,53
South,Katherine Hughes,1822.38,54
South,Sanjit Chand,1809.53,55
South,Ben Ferrer,1803.92,56
South,John Dryer,1801.63,57
South,Joe Kamberova,1778.09,58
South,Christopher Schild,1735.85,59
South,Neil Ducich,1734.12,60
South,Anthony Johnson,1725.84,61
South,Ross Baird,1718.67,62
South,Amy Cox,1701.36,63
South,Michael Moore,1691.36,64
South,Michelle Huthwaite,1630.43,65
South,Sanjit Jacobs,1596.98,66
South,Frank Olsen,1547.88,67
South,Theone Pippenger,1545.46,68
South,Christine Phan,1475.21,69
South,Zuschuss Carroll,1470.89,70
South,Frank Merwin,1446.84,71
South,Sean O'Donnell,1438.94,72
South,Nick Crebassa,1417.35,73
South,Alan Haines,1410.07,74
South,Lena Hernandez,1406.85,75
South,Shahid Hopkins,1400.56,76
South,Clytie Kelty,1383.91,77
South,Ken Black,1380.74,78
South,John Stevenson,1366.04,79
South,Christine Kargatis,1355.76,80
South,Rob Dowd,1325.18,81
South,Nicole Hansen,1312.22,82
South,Julia Barnett,1311.97,83
South,Philip Fox,1302.83,84
South,Daniel Lacy,1299.99,85
South,Bruce Degenhardt,1294.83,86
South,Julia West,1270.38,87
South,Sara Luxemburg,1234.68,88
South,Rob Lucas,1232.24,89
South,Roland Schwarz,1176.57,90
South,Lena Radford,1174.36,91
South,Brenda Bowman,1158.12,92
South,Monica Federle,1152.87,93
South,Fred Harton,1142.43,94
South,Trudy Glocke,1142.17,95
South,Andrew Gjertsen,1129.83,96
South,Cathy Hwang,1127.98,97
South,Valerie Dominguez,1124.29,98
South,Liz Willingham,1120.73,99
South,Jack Lebron,1118.43,100
South,Nick Radford,1111.69,101
South,Joy Smith,1110.50,102
South,Elpida Rittenbach,1106.93,103
South,Mick Hernandez,1074.66,104
South,Ricardo Sperren,1065.84,105
South,Dave Kipp,1061.58,106
South,Paul MacIntyre,1056.86,107
South,John Castell,1050.74,108
South,Keith Herrera,1046.47,109
South,Ken Heidel,1044.44,110
South,Saphhira Shifley,1023.89,111
South,Justin MacKendrick,1017.22,112
South,Sue Ann Reed,1013.69,113
South,Claire Gute,993.90,114
South,Erica Bern,984.68,115
South,Daniel Byrd,980.66,116
South,Arthur Prichep,952.91,117
South,Shirley Daniels,944.61,118
South,Liz Thompson,922.61,119
South,Brian Dahlen,910.45,120
South,Patrick Jones,900.82,121
South,Filia McAdams,898.11,122
South,Theresa Swint,896.31,123
South,Darrin Van Huff,893.33,124
South,Juliana Krohn,893.09,125
South,Mike Kennedy,882.47,126
South,Lena Cacioppo,874.80,127
South,Dave Brooks,871.80,128
South,Trudy Schmidt,870.04,129
South,Liz Carlisle,866.40,130
South,Mike Vittorini,863.93,131
South,Jocasta Rupert,863.88,132
South,Matt Connell,863.00,133
South,Logan Currie,859.14,134
South,Zuschuss Donatelli,856.66,135
South,Claudia Bergmann,853.27,136
South,Sean Braxton,843.97,137
South,Adrian Barton,843.84,138
South,Meg O'Connel,830.24,139
South,Herbert Flentye,825.12,140
South,Frank Atkinson,820.42,141
South,Mick Brown,817.83,142
South,Jay Kimmel,810.56,143
South,Frank Hawley,809.63,144
South,Julie Kriz,799.92,145
South,Tony Chapman,791.24,146
South,Jill Stevenson,783.96,147
South,Rob Haberlin,779.93,148
South,Jim Karlsson,773.70,149
South,Aaron Smayling,771.61,150
South,Laurel Elliston,771.40,151
South,Janet Lee,751.98,152
South,Max Engle,750.77,153
South,Ted Trevino,746.86,154
South,Benjamin Venier,744.36,155
South,Ritsa Hightower,740.39,156
South,Darren Koutras,740.17,157
South,Tony Sayre,732.31,158
South,Patricia Hirasaki,729.65,159
South,Michael Nguyen,728.96,160
South,Henia Zydlo,723.92,161
South,Debra Catini,722.59,162
South,Stephanie Ulpright,722.05,163
South,Parhena Norris,721.37,164
South,Paul Gonzalez,718.22,165
South,Justin Ritter,717.12,166
South,Ryan Akin,709.05,167
South,Brendan Sweed,701.96,168
South,Kimberly Carter,699.05,169
South,Toby Carlisle,697.76,170
South,Odella Nelson,696.64,171
South,Stefanie Holloman,692.47,172
South,Peter McVee,691.15,173
South,Edward Becker,687.73,174
South,Robert Marley,682.91,175
South,Laurel Beltran,681.43,176
South,Victoria Brennan,674.32,177
South,Natalie DeCherney,673.07,178
South,Stewart Visinsky,668.86,179
South,Laura Armstrong,661.50,180
South,Michael Chen,647.41,181
South,Liz MacKendrick,646.13,182
South,Helen Andreada,645.14,183
South,Craig Carreira,619.84,184
South,Steve Nguyen,612.14,185
South,Olvera Toch,608.43,186
South,Luke Schmidt,605.34,187
South,Allen Armold,598.48,188
South,Dianna Wilson,598.31,189
South,Joni Wasserman,597.85,190
South,Anna Gayman,594.69,191
South,Julie Prescott,593.64,192
South,Erica Hernandez,587.85,193
South,Laurel Workman,581.10,194
South,Brosina Hoffman,580.72,195
South,Fred McMath,577.23,196
South,Marc Crier,575.55,197
South,Steve Chapman,565.26,198
South,Dana Kaydos,564.38,199
South,Cindy Schnelling,562.29,200
South,Craig Yedwab,554.32,201
South,Jim Sink,552.86,202
South,Raymond Messe,532.38,203
South,Lindsay Castell,532.18,204
South,Carlos Meador,530.27,205
South,Shirley Schmidt,525.95,206
South,Todd Boyes,524.85,207
South,Xylona Preis,523.63,208
South,Tamara Chand,521.92,209
South,Eudokia Martin,520.03,210
South,Cari Schnelling,505.32,211
South,Arianne Irving,504.90,212
South,Yana Sorensen,501.09,213
South,Don Jones,500.78,214
South,Maurice Satty,498.93,215
South,Duane Huffman,497.70,216
South,Arthur Gainer,496.51,217
South,Daniel Raglin,489.03,218
South,Russell Applegate,487.22,219
South,Sheri Gordon,485.51,220
South,Kristina Nunn,475.68,221
South,Emily Burns,464.98,222
South,Denny Ordway,459.44,223
South,Nona Balk,452.41,224
South,Cindy Stewart,448.14,225
South,Doug Bickford,440.06,226
South,Giulietta Weimer,435.55,227
South,Tanja Norvell,431.98,228
South,Scot Wooten,428.70,229
South,Fred Hopkins,426.94,230
South,Naresj Patel,425.67,231
South,Craig Carroll,423.18,232
South,Sample Company A,420.41,233
South,Damala Kotsonis,407.03,234
South,Beth Fritzler,403.29,235
South,Roy Franz�sisch,399.45,236
South,Denny Joy,392.94,237
South,Michelle Arnett,389.74,238
South,Janet Martin,378.48,239
South,Sung Shariari,377.90,240
South,Alan Shonely,376.35,241
South,Art Foster,371.66,242
South,Beth Paige,370.18,243
South,Patrick Gardner,362.29,244
South,Jamie Frazer,362.18,245
South,Mark Van Huff,359.97,246
South,Christina Anderson,356.23,247
South,Adam Hart,355.08,248
South,Clay Ludtke,354.90,249
South,Bill Shonely,344.91,250
South,Rick Reed,343.59,251
South,Quincy Jones,342.76,252
South,George Bell,334.95,253
South,Adam Bellavance,334.20,254
South,Jennifer Braxton,324.40,255
South,Doug O'Connell,320.46,256
South,Lena Creighton,319.47,257
South,Dionis Lloyd,316.00,258
South,Jack Garza,312.31,259
South,Chuck Sachs,311.96,260
South,Brian DeCherney,310.69,261
South,Gary McGarr,310.53,262
South,Cassandra Brandow,307.82,263
South,Catherine Glotzbach,307.54,264
South,Ben Wallace,306.53,265
South,Nathan Cano,305.24,266
South,Eugene Hildebrand,302.52,267
South,Patrick O'Donnell,301.96,268
South,MaryBeth Skach,301.96,268
South,Erin Creighton,299.07,269
South,James Galang,296.85,270
South,Keith Dawkins,295.05,271
South,Sung Pak,294.80,272
South,Anna Andreadi,291.74,273
South,Shaun Weien,290.50,274
South,Katherine Murray,288.33,275
South,Dan Reichenbach,287.42,276
South,David Bremer,277.63,277
South,Emily Phan,277.25,278
South,Michael Paige,272.82,279
South,Larry Hughes,271.96,280
South,Rick Bensley,270.73,281
South,Barry Franz�sisch,269.40,282
South,Mark Packer,260.31,283
South,Valerie Mitchum,259.29,284
South,Jonathan Howell,255.84,285
South,Jeremy Pistek,254.95,286
South,Evan Henry,253.15,287
South,Bobby Elias,251.64,288
South,Liz Preis,249.88,289
South,Maureen Fritzler,247.55,290
South,Jas O'Carroll,243.92,291
South,Don Miller,242.55,292
South,Andy Gerbode,240.55,293
South,Allen Rosenblatt,239.70,294
South,Angele Hood,239.24,295
South,Eric Barreto,239.22,296
South,Michael Kennedy,238.97,297
South,Hallie Redmond,235.44,298
South,Cathy Prescott,232.62,299
South,Guy Armstrong,232.57,300
South,Darrin Martin,228.58,301
South,Michael Grace,227.56,302
South,Ross DeVincentis,227.30,303
South,Dean Braden,226.50,304
South,Christopher Conant,225.30,305
South,Stewart Carmichael,224.90,306
South,Dorothy Wardle,223.77,307
South,Barbara Fisher,221.53,308
South,Frank Carlisle,220.06,309
South,Dan Lawera,214.73,310
South,Julie Creighton,213.37,311
South,Shahid Shariari,212.66,312
South,Erica Smith,209.57,313
South,Bryan Mills,209.38,314
South,Erin Ashbrook,205.34,315
South,Adrian Hane,201.09,316
South,Ivan Gibson,199.17,317
South,Emily Grady,197.72,318
South,Jennifer Halladay,193.70,319
South,Chloris Kastensmidt,193.15,320
South,Brad Norvell,192.43,321
South,Corey-Lock,191.88,322
South,Vivek Sundaresam,187.23,323
South,Thomas Thornton,182.91,324
South,Pete Kriz,182.14,325
South,Delfina Latchford,179.97,326
South,Lori Olson,176.63,327
South,Kelly Williams,175.72,328
South,Max Jones,175.32,329
South,Scott Williamson,173.80,330
South,Katrina Edelman,170.35,331
South,Alan Barnes,163.96,332
South,Seth Vernon,161.14,333
South,Max Ludwig,158.81,334
South,Greg Guthrie,157.79,335
South,Vivek Gonzalez,155.46,336
South,Patrick Ryan,153.87,337
South,Brendan Dodson,151.96,338
South,Erica Hackney,149.95,339
South,Karen Ferguson,148.16,340
South,Annie Thurman,147.35,341
South,Roy Phan,145.33,342
South,Sharelle Roach,141.96,343
South,Katharine Harms,140.81,344
South,Chris McAfee,140.52,345
South,Phillip Flathmann,135.95,346
South,Karen Bern,134.09,347
South,Allen Goldenen,134.03,348
South,Cyma Kinney,132.43,349
South,Nicole Brennan,129.92,350
South,Khloe Miller,129.64,351
South,Karl Braun,126.65,352
South,Bobby Odegard,124.75,353
South,Corey Roper,121.78,354
South,Anthony Garverick,113.10,355
South,Nat Gilpin,111.90,356
South,Harold Pawlan,111.15,357
South,Tom Boeckenhauer,106.45,358
South,Maribeth Dona,105.42,359
South,Sally Hughsby,104.72,360
South,Robert Barroso,104.65,361
South,Bart Pistole,104.34,362
South,Lindsay Williams,103.96,363
South,Amy Hunt,103.90,364
South,Mark Haberlin,103.50,365
South,Noel Staavos,101.87,366
South,James Lanier,101.14,367
South,Jill Matthias,99.87,368
South,Matt Collins,98.45,369
South,Toby Braunhardt,95.97,370
South,Erin Smith,95.62,371
South,David Smith,92.70,372
South,Neil Franz�sisch,91.06,373
South,Mike Gockenbach,91.03,374
South,Paul Stevenson,89.36,375
South,Hunter Glantz,89.32,376
South,Anemone Ratner,88.15,377
South,Jack O'Briant,87.94,378
South,Charles Sheldon,87.22,379
South,Denny Blanton,87.17,380
South,Aaron Hawkins,86.45,381
South,Jay Fein,85.50,382
South,Henry Goldwyn,84.64,383
South,Dario Medina,81.57,384
South,Sarah Jordon,80.57,385
South,Kean Thornton,80.48,386
South,Scott Cohen,79.96,387
South,Anne Pryor,79.30,388
South,Ralph Arnett,78.45,389
South,Roger Demir,78.19,390
South,Pauline Webber,78.14,391
South,Chris Cortes,78.08,392
South,Maribeth Yedwab,76.52,393
South,Karen Daniels,75.88,394
South,Joel Jenkins,75.04,395
South,Shui Tom,73.06,396
South,Steve Carroll,71.98,397
South,Karen Seio,71.69,398
South,Heather Kirkland,71.41,399
South,Brian Derr,71.00,400
South,Muhammed MacIntyre,70.95,401
South,Harry Greene,69.90,402
South,Evan Minnotte,68.71,403
South,Tamara Willingham,67.96,404
South,Stuart Calhoun,66.30,405
South,Grace Kelly,64.68,406
South,Dorothy Dickinson,64.19,407
South,Roland Fjeld,62.91,408
South,Marc Harrigan,62.75,409
South,Anthony Jacobs,62.26,410
South,Tracy Collins,61.96,411
South,Raymond Buch,60.49,412
South,Pete Takahito,59.83,413
South,Vivian Mathis,58.40,414
South,Gary Zandusky,54.66,415
South,Kean Takahito,52.60,416
South,Dennis Pardue,51.98,417
South,Sonia Cooley,50.46,418
South,Ann Steele,49.98,419
South,Eva Jacobs,48.69,420
South,Sandra Flanagan,48.06,421
South,Lynn Smith,47.98,422
South,Mark Hamilton,47.95,423
South,Steven Roelle,47.79,424
South,Tamara Manning,47.79,424
South,Art Ferguson,47.32,425
South,Giulietta Dortch,47.32,425
South,Barry Weirich,46.15,426
South,George Ashbrook,43.68,427
South,Peter Fuller,40.54,428
South,Bart Watters,39.25,429
South,Stephanie Phelps,39.07,430
South,Maxwell Schwartz,37.44,431
South,John Murray,36.27,432
South,Tonja Turnell,35.96,433
South,Roy Collins,35.30,434
South,Adam Shillingsburg,34.65,435
South,Ryan Crowe,34.50,436
South,Alejandro Ballentine,34.34,437
South,Tamara Dahlen,34.20,438
South,Cynthia Arntzen,32.80,439
South,Stuart Van,31.01,440
South,Peter B�hler,30.90,441
South,Elizabeth Moffitt,30.41,442
South,Muhammed Yedwab,30.33,443
South,Rob Beeghly,29.66,444
South,Thea Hendricks,27.86,445
South,Larry Blacks,26.72,446
South,Eric Hoffmann,25.92,447
South,Michael Oakman,24.00,448
South,Philip Brown,23.47,449
South,Corinna Mitchell,23.34,450
South,Denise Leinenbach,23.12,451
South,Richard Bierner,22.96,452
South,Henry MacAllister,22.74,453
South,Carol Adams,22.63,454
South,Marina Lichtenstein,22.55,455
South,Erin Mull,21.50,456
South,Victoria Wilson,21.36,457
South,Rick Hansen,20.74,458
South,Maria Bertelson,19.59,459
South,Fred Wasserman,19.56,460
South,Ashley Jarboe,19.46,461
South,Brian Thompson,19.10,462
South,Michael Dominguez,19.01,463
South,Becky Pak,18.84,464
South,John Huston,18.18,465
South,Craig Leslie,18.00,466
South,Neil Knudson,17.86,467
South,Suzanne McNair,17.62,468
South,Ann Blume,17.09,469
South,Mitch Gastineau,16.74,470
South,Gary Hansen,16.22,471
South,Speros Goranitis,15.92,472
South,Evan Bailliet,15.86,473
South,Toby Ritter,15.55,474
South,Andrew Allen,15.55,474
South,Justin Ellison,14.76,475
South,Jeremy Farry,14.73,476
South,Bart Folk,14.67,477
South,Harold Ryan,13.63,478
South,Ellis Ballard,13.62,479
South,Pauline Johnson,13.42,480
South,Don Weiss,13.15,481
South,Cyra Reiten,13.12,482
South,Mike Caudle,12.96,483
South,Gary Hwang,12.83,484
South,Alex Grayson,12.67,485
South,Carlos Soltero,11.68,486
South,Vivek Grady,10.96,487
South,Muhammed Lee,10.27,488
South,Jane Waco,10.16,489
South,Gene McClure,9.95,490
South,Bruce Geld,9.91,491
South,Dianna Arnett,9.64,492
South,Luke Foster,9.57,493
South,Darren Powers,7.76,494
South,Nora Pelletier,7.38,495
South,Ben Peterman,6.99,496
South,Thomas Brumley,6.24,497
South,Heather Jas,5.08,498
South,Maribeth Schnelling,4.61,499
South,Toby Gnade,4.61,499
South,David Wiener,4.37,500
South,Pete Armstrong,3.74,501
South,Alyssa Tate,3.44,502
South,Robert Waldorf,3.28,503
South,Stefania Perrino,2.90,504
South,Thais Sissman,2.81,505
South,Pierre Wener,2.21,506
South,Kean Nguyen,1.17,507
West,Raymond Buch,14345.28,1
West,Ken Lonsdale,8472.39,2
West,Edward Hooks,7447.77,3
West,Jane Waco,7391.53,4
West,Karen Ferguson,7182.76,5
West,Nick Crebassa,6734.23,6
West,Clay Ludtke,6069.65,7
West,Yana Sorensen,5754.17,8
West,Nora Preis,5564.60,9
West,William Brown,5523.06,10
West,Rick Wilson,5347.87,11
West,Fred Hopkins,5054.48,12
West,Dennis Pardue,4941.68,13
West,Max Jones,4909.71,14
West,Tamara Willingham,4907.67,15
West,Robert Marley,4881.13,16
West,Keith Herrera,4809.70,17
West,Maribeth Schnelling,4468.33,18
West,Alan Dominguez,4353.34,19
West,Jim Kriz,4267.17,20
West,Rick Huthwaite,4160.10,21
West,Gary Hwang,4160.01,22
West,Grace Kelly,4148.77,23
West,Ellis Ballard,4037.20,24
West,Harold Ryan,4005.28,25
West,Lena Radford,3968.53,26
West,Sarah Brown,3953.52,27
West,Kelly Collister,3802.91,28
West,Arianne Irving,3800.52,29
West,Sample Company A,3780.98,30
West,Maria Etezadi,3769.91,31
West,Brosina Hoffman,3714.29,32
West,Fred Chung,3627.73,33
West,Justin Deggeller,3565.12,34
West,James Galang,3452.29,35
West,Anthony Rawles,3410.46,36
West,Dan Reichenbach,3374.96,37
West,Penelope Sewall,3372.85,38
West,Scot Coram,3355.18,39
West,Ted Trevino,3327.25,40
West,Joseph Holt,3281.25,41
West,Joe Elijah,3254.04,42
West,Christopher Conant,3136.87,43
West,Lindsay Williams,3126.34,44
West,Lena Creighton,2996.44,45
West,Sarah Foster,2960.30,46
West,Erica Smith,2943.46,47
West,Dean Katz,2942.08,48
West,Sung Pak,2929.14,49
West,Toby Gnade,2915.83,50
West,Sean Christensen,2887.64,51
West,Ionia McGrath,2872.63,52
West,Helen Wasserman,2844.19,53
West,Laurel Beltran,2836.04,54
West,Michael Chen,2793.72,55
West,Anthony Johnson,2770.56,56
West,Linda Cazamias,2764.73,57
West,George Ashbrook,2747.25,58
West,Rob Williams,2737.21,59
West,Adam Bellavance,2693.92,60
West,Gary McGarr,2688.88,61
West,Lindsay Castell,2676.67,62
West,Scott Cohen,2664.96,63
West,Zuschuss Carroll,2641.09,64
West,Steven Cartwright,2636.82,65
West,Sharelle Roach,2613.31,66
West,Sandra Glassco,2567.15,67
West,Jeremy Lonsdale,2563.31,68
West,Tamara Manning,2553.17,69
West,Beth Thompson,2550.54,70
West,Eugene Moren,2498.29,71
West,John Murray,2473.64,72
West,Cassandra Brandow,2456.50,73
West,Sanjit Chand,2419.92,74
West,George Zrebassa,2408.36,75
West,John Lucas,2383.77,76
West,Arthur Gainer,2382.18,77
West,Charles Crestani,2381.83,78
West,Arthur Prichep,2370.64,79
West,Paul Prost,2370.22,80
West,Rick Duston,2365.19,81
West,Linda Southworth,2362.96,82
West,Russell Applegate,2313.63,83
West,Erin Smith,2309.83,84
West,Bradley Talbott,2302.54,85
West,Thomas Seio,2295.66,86
West,Sanjit Engle,2269.11,87
West,Kunst Miller,2258.53,88
West,Sally Hughsby,2238.03,89
West,Bill Donatelli,2231.48,90
West,Ruben Dartt,2187.86,91
West,Brian Dahlen,2185.04,92
West,Mary Zewe,2180.15,93
West,Kristen Hastings,2169.78,94
West,Jennifer Ferguson,2163.35,95
West,Bill Stewart,2158.56,96
West,Valerie Dominguez,2126.03,97
West,Marc Crier,2109.06,98
West,Ken Dana,2096.82,99
West,Frank Atkinson,2082.75,100
West,Phillip Flathmann,2070.17,101
West,Pete Kriz,2066.39,102
West,Eleni McCrary,2056.37,103
West,Ed Braxton,2050.18,104
West,Jack Garza,2046.35,105
West,Christopher Martinez,2031.39,106
West,Greg Matthias,2023.54,107
West,Alan Schoenberger,2017.18,108
West,Charles McCrossin,2003.52,109
West,Jamie Kunitz,1993.77,110
West,Ben Ferrer,1991.83,111
West,Roland Schwarz,1976.52,112
West,Amy Cox,1962.30,113
West,Ralph Arnett,1941.89,114
West,Becky Castell,1924.18,115
West,Mitch Willingham,1919.98,116
West,Maya Herman,1898.88,117
West,Clay Rozendal,1898.28,118
West,Jonathan Doherty,1884.43,119
West,Craig Leslie,1876.92,120
West,Brian Stugart,1873.61,121
West,Neoma Murray,1868.76,122
West,Corinna Mitchell,1867.38,123
West,Alan Hwang,1864.40,124
West,Tanja Norvell,1851.92,125
West,Kean Nguyen,1847.97,126
West,Tracy Poddar,1802.70,127
West,Greg Maxwell,1798.04,128
West,Greg Guthrie,1794.39,129
West,Maxwell Schwartz,1793.81,130
West,Don Jones,1761.01,131
West,Marina Lichtenstein,1753.87,132
West,Paul Van Hugh,1740.96,133
West,Naresj Patel,1718.33,134
West,John Stevenson,1717.97,135
West,Tracy Zic,1707.28,136
West,Jas O'Carroll,1689.50,137
West,Stefania Perrino,1677.26,138
West,Michelle Arnett,1675.57,139
West,Pauline Webber,1671.83,140
West,Nicole Fjeld,1655.99,141
West,Ed Jacobs,1646.46,142
West,Karen Bern,1646.27,143
West,Dave Hallsten,1636.69,144
West,Jay Fein,1630.16,145
West,Carlos Soltero,1620.90,146
West,Candace McMahon,1603.58,147
West,Toby Carlisle,1602.59,148
West,Stewart Visinsky,1594.94,149
West,Natalie DeCherney,1585.28,150
West,Richard Bierner,1576.36,151
West,Justin MacKendrick,1565.80,152
West,Pauline Johnson,1564.25,153
West,Jim Karlsson,1561.42,154
West,Maribeth Yedwab,1556.79,155
West,Christina Anderson,1550.96,156
West,Jeremy Pistek,1549.98,157
West,Doug Bickford,1548.99,158
West,Mike Caudle,1535.55,159
West,Helen Andreada,1531.41,160
West,Patrick Ryan,1527.93,161
West,Resi P�lking,1519.43,162
West,Emily Burns,1519.19,163
West,Damala Kotsonis,1519.17,164
West,Maureen Gastineau,1515.19,165
West,Natalie Webber,1515.13,166
West,Rick Bensley,1511.74,167
West,Ann Blume,1484.29,168
West,Troy Staebel,1477.88,169
West,Tom Stivers,1477.85,170
West,Olvera Toch,1472.54,171
West,James Lanier,1470.38,172
West,Claudia Bergmann,1467.61,173
West,Todd Sumrall,1462.58,174
West,Sylvia Foulston,1440.28,175
West,Dianna Vittorini,1420.01,176
West,Nancy Lomonaco,1418.08,177
West,Shaun Weien,1413.47,178
West,Stefanie Holloman,1403.92,179
West,Philip Brown,1402.21,180
West,Anna Andreadi,1389.41,181
West,Chloris Kastensmidt,1386.49,182
West,Brenda Bowman,1378.95,183
West,Kristina Nunn,1378.71,184
West,Ivan Liston,1367.02,185
West,Darrin Sayre,1361.60,186
West,Marc Harrigan,1344.09,187
West,Deborah Brumfield,1342.57,188
West,Maris LaWare,1335.15,189
West,Adrian Barton,1330.17,190
West,Aaron Hawkins,1328.13,191
West,Mike Gockenbach,1324.57,192
West,Chad Cunningham,1313.30,193
West,Shaun Chance,1312.45,194
West,Anna H�berlin,1312.35,195
West,Matthew Grinstein,1310.34,196
West,Adrian Hane,1309.88,197
West,Ruben Ausman,1303.09,198
West,Kean Takahito,1292.80,199
West,Michelle Huthwaite,1288.85,200
West,Brendan Sweed,1280.99,201
West,Eileen Kiefer,1277.99,202
West,Cari Sayre,1260.54,203
West,Craig Carreira,1250.77,204
West,Greg Tran,1240.34,205
West,Herbert Flentye,1233.25,206
West,Irene Maddox,1222.87,207
West,Yoseph Carroll,1215.68,208
West,Matt Hagelstein,1215.02,209
West,Jack O'Briant,1210.40,210
West,Bart Watters,1205.09,211
West,Darren Budd,1202.52,212
West,Michelle Ellison,1200.60,213
West,Gary Zandusky,1199.94,214
West,Daniel Byrd,1175.94,215
West,John Lee,1175.79,216
West,Patrick Gardner,1172.27,217
West,Joseph Airdo,1170.78,218
West,Tamara Dahlen,1168.14,219
West,Victoria Wilson,1164.70,220
West,Alyssa Tate,1151.51,221
West,Becky Pak,1148.33,222
West,Lena Cacioppo,1145.35,223
West,Craig Molinari,1143.82,224
West,Hunter Glantz,1117.92,225
West,Mike Pelletier,1112.08,226
West,Helen Abelman,1109.19,227
West,Giulietta Dortch,1103.36,228
West,Dionis Lloyd,1103.15,229
West,Arthur Wiediger,1100.02,230
West,Eugene Barchas,1094.30,231
West,Eva Jacobs,1090.95,232
West,Liz Thompson,1087.83,233
West,Beth Paige,1086.67,234
West,Ben Peterman,1082.25,235
West,Bart Pistole,1075.36,236
West,Annie Zypern,1071.89,237
West,Christina VanderZanden,1069.13,238
West,Pauline Chand,1061.49,239
West,Dan Lawera,1059.10,240
West,Jenna Caffey,1058.11,241
West,Dana Kaydos,1057.16,242
West,Jeremy Ellison,1056.99,243
West,Heather Kirkland,1056.10,244
West,Maribeth Dona,1049.97,245
West,Justin Hirsh,1040.87,246
West,Mitch Webber,1039.38,247
West,Logan Haushalter,1035.22,248
West,Deanra Eno,1029.17,249
West,Rob Dowd,1021.14,250
West,Kelly Lampkin,1018.68,251
West,Anne Pryor,1018.30,252
West,Cathy Armstrong,1016.18,253
West,Nick Zandusky,1010.49,254
West,Keith Dawkins,1007.11,255
West,Barry Franz,1006.47,256
West,Sue Ann Reed,988.71,257
West,Tom Boeckenhauer,987.39,258
West,Dennis Kane,986.70,259
West,Henry Goldwyn,982.48,260
West,Ken Black,978.57,261
West,Toby Swindell,956.06,262
West,Duane Noonan,951.43,263
West,Chuck Clark,944.58,264
West,Patrick O'Donnell,935.15,265
West,Anne McFarland,934.46,266
West,Bruce Geld,925.35,267
West,Ricardo Sperren,925.02,268
West,Katherine Murray,915.74,269
West,Fred Harton,914.12,270
West,Christopher Schild,913.26,271
West,Dianna Wilson,912.91,272
West,Paul Stevenson,911.75,273
West,Carol Triggs,909.22,274
West,Ben Wallace,908.18,275
West,Seth Vernon,902.71,276
West,Carol Adams,892.22,277
West,Brian Thompson,891.96,278
West,David Smith,883.60,279
West,Duane Benoit,878.82,280
West,Laurel Workman,870.83,281
West,Chad McGuire,861.57,282
West,Scott Williamson,857.48,283
West,Thea Hendricks,857.42,284
West,Dave Brooks,837.71,285
West,Jason Fortune-,834.23,286
West,Michelle Tran,823.73,287
West,Justin Ritter,819.45,288
West,Chris Cortes,819.11,289
West,Evan Bailliet,817.80,290
West,Frank Hawley,814.95,291
West,Valerie Mitchum,813.13,292
West,Laura Armstrong,811.54,293
West,Noel Staavos,811.18,294
West,Shahid Shariari,803.04,295
West,Philip Fox,799.47,296
West,Jay Kimmel,799.16,297
West,Sam Zeldin,797.20,298
West,Chad Sievert,795.84,299
West,Alan Barnes,794.27,300
West,Gary Hansen,793.06,301
West,Dave Kipp,787.53,302
West,Tim Brockman,786.64,303
West,Bill Tyler,781.35,304
West,Benjamin Farhat,780.09,305
West,Joel Eaton,769.02,306
West,Tony Sayre,766.65,307
West,Jim Epp,759.79,308
West,Eric Murdock,759.34,309
West,Liz Pelletier,756.60,310
West,Michelle Moray,754.10,311
West,Alex Avila,753.51,312
West,Cindy Chapman,753.36,313
West,Noah Childs,752.41,314
West,Chris Selesnick,751.16,315
West,Kean Thornton,748.38,316
West,Alejandro Ballentine,744.99,317
West,Susan Vittorini,742.39,318
West,Patrick Bzostek,740.36,319
West,Aaron Smayling,737.03,320
West,Cynthia Delaney,729.14,321
West,Craig Yedwab,720.69,322
West,Andy Reiter,719.97,323
West,Max Ludwig,717.32,324
West,John Castell,713.63,325
West,Henry MacAllister,708.92,326
West,Matt Abelman,707.63,327
West,Alyssa Crouse,706.06,328
West,Steve Nguyen,702.29,329
West,Emily Phan,695.64,330
West,Vivek Gonzalez,690.56,331
West,Roland Fjeld,685.09,332
West,Trudy Glocke,683.68,333
West,Roger Demir,683.32,334
West,Michelle Lonsdale,674.87,335
West,Julia Barnett,665.88,336
West,Fred McMath,663.95,337
West,Xylona Preis,660.19,338
West,Erica Bern,658.58,339
West,Jeremy Farry,657.17,340
West,Frank Carlisle,645.85,341
West,Becky Martin,638.71,342
West,Ryan Akin,631.00,343
West,David Wiener,627.97,344
West,Russell D'Ascenzo,623.96,345
West,Bruce Stewart,616.86,346
West,Tracy Collins,611.74,347
West,Alice McCarthy,611.58,348
West,Matt Collins,608.39,349
West,Jim Radford,604.10,350
West,Deirdre Greer,601.78,351
West,Emily Ducich,595.31,352
West,Nora Paige,594.91,353
West,Mark Van Huff,593.63,354
West,Maria Zettner,593.61,355
West,Liz Carlisle,588.67,356
West,Maria Bertelson,587.01,357
West,Pamela Stobb,581.67,358
West,Corey-Lock,564.77,359
West,Nathan Mautz,563.02,360
West,Stephanie Phelps,560.60,361
West,Mick Crebagga,556.87,362
West,Barry Franz�sisch,556.73,363
West,Thomas Thornton,556.42,364
West,Maureen Fritzler,551.99,365
West,Charles Sheldon,551.04,366
West,Pierre Wener,541.29,367
West,Bill Overfelt,523.09,368
West,Mike Vittorini,521.93,369
West,Charlotte Melton,521.80,370
West,Brian Moss,519.98,371
West,Paul Gonzalez,517.63,372
West,Matthew Clasen,511.95,373
West,Karl Braun,510.82,374
West,Julie Prescott,510.55,375
West,Jason Gross,508.54,376
West,Katrina Edelman,508.49,377
West,Eugene Hildebrand,504.53,378
West,Tracy Blumstein,500.54,379
West,Brian DeCherney,497.23,380
West,Peter Fuller,496.90,381
West,Jesus Ocampo,496.80,382
West,Christine Abelman,495.30,383
West,Robert Dilbeck,495.01,384
West,Andy Yotov,489.00,385
West,Rachel Payne,486.99,386
West,Rob Lucas,485.12,387
West,Lisa Ryan,483.50,388
West,Angele Hood,483.28,389
West,Stewart Carmichael,483.01,390
West,Frank Preis,481.97,391
West,Roy Phan,481.51,392
West,Dean percer,464.73,393
West,Adam Hart,463.77,394
West,Jessica Myrick,461.33,395
West,Duane Huffman,460.09,396
West,Eudokia Martin,455.89,397
West,Dave Poirier,453.33,398
West,Kimberly Carter,447.00,399
West,Laurel Elliston,444.77,400
West,Harry Marie,442.34,401
West,Robert Waldorf,441.72,402
West,Roy Franz�sisch,440.16,403
West,Julie Creighton,435.13,404
West,Nicole Hansen,421.42,405
West,Roy Collins,421.09,406
West,Frank Merwin,420.38,407
West,Kalyca Meade,420.23,408
West,Kelly Andreada,418.88,409
West,Janet Martin,418.30,410
West,Christine Sundaresam,414.09,411
West,Neola Schneider,413.79,412
West,Jim Mitchum,409.90,413
West,Christina DeMoss,409.55,414
West,Shahid Hopkins,409.30,415
West,Ann Steele,405.30,416
West,Lindsay Shagiari,401.96,417
West,Katherine Nockton,401.86,418
West,Jennifer Braxton,397.75,419
West,Jonathan Howell,395.44,420
West,Cynthia Arntzen,393.17,421
West,Beth Fritzler,388.70,422
West,Muhammed Yedwab,387.14,423
West,Darren Powers,383.61,424
West,Guy Armstrong,376.38,425
West,Juliana Krohn,374.61,426
West,Sarah Jordon,374.27,427
West,Sonia Sunley,372.09,428
West,Bradley Drucker,369.98,429
West,Sean O'Donnell,369.07,430
West,Liz Preis,365.65,431
West,Jamie Frazer,357.91,432
West,Sarah Bern,354.90,433
West,Barry Blumstein,352.78,434
West,Doug O'Connell,352.63,435
West,Michael Granlund,351.42,436
West,Elizabeth Moffitt,342.28,437
West,Joe Kamberova,336.97,438
West,Mark Cousins,335.80,439
West,Sanjit Jacobs,334.51,440
West,Trudy Brown,331.57,441
West,Ryan Crowe,328.91,442
West,Giulietta Weimer,328.57,443
West,Karen Daniels,325.70,444
West,George Bell,324.40,445
West,Tim Taslimi,323.10,446
West,Cynthia Voltz,321.02,447
West,Doug Jacobs,319.97,448
West,Anthony Jacobs,318.64,449
West,Alejandro Savely,310.38,450
West,Aaron Bergman,309.59,451
West,Philisse Overcash,309.25,452
West,Debra Catini,307.67,453
West,Zuschuss Donatelli,306.20,454
West,Darrin Martin,305.50,455
West,Khloe Miller,304.59,456
West,Daniel Raglin,302.38,457
West,Cyma Kinney,301.03,458
West,Darren Koutras,300.66,459
West,Heather Jas,299.30,460
West,Gene McClure,299.12,461
West,Anthony Witt,297.86,462
West,Carlos Daly,296.88,463
West,Alex Grayson,291.35,464
West,Odella Nelson,290.18,465
West,Tony Chapman,289.69,466
West,Anna Chung,286.36,467
West,Aleksandra Gannaway,285.61,468
West,Cathy Prescott,285.05,469
West,Tiffany House,275.19,470
West,Bradley Nguyen,273.30,471
West,Denny Ordway,269.75,472
West,Sung Chung,266.52,473
West,Sean Braxton,265.86,474
West,Allen Rosenblatt,265.78,475
West,Muhammed MacIntyre,258.22,476
West,Larry Tron,255.52,477
West,Janet Lee,255.25,478
West,Luke Weiss,253.51,479
West,Shirley Jackson,253.11,480
West,Joni Blumstein,250.26,481
West,Christine Phan,248.09,482
West,Ross Baird,244.25,483
West,Nona Balk,244.24,484
West,Denise Monton,243.58,485
West,Harold Pawlan,241.66,486
West,Frank Olsen,239.29,487
West,Steve Carroll,230.36,488
West,Corey Catlett,227.65,489
West,Pamela Coakley,227.02,490
West,Cindy Stewart,225.37,491
West,Luke Foster,218.81,492
West,Hilary Holden,218.67,493
West,Shahid Collister,218.29,494
West,Dennis Bolton,217.62,495
West,Stephanie Ulpright,215.98,496
West,Raymond Messe,215.65,497
West,Julia Dunbar,211.96,498
West,Bill Eplett,211.84,499
West,Suzanne McNair,211.47,500
West,Katrina Bavinger,211.30,501
West,Tony Molinari,210.01,502
West,Sheri Gordon,209.96,503
West,Erin Ashbrook,208.62,504
West,Janet Molinari,208.10,505
West,Lynn Smith,207.70,506
West,Patrick O'Brill,206.70,507
West,Jill Fjeld,204.85,508
West,Daniel Lacy,204.60,509
West,Max Engle,203.34,510
West,Eric Hoffmann,203.27,511
West,Ken Heidel,199.38,512
West,Matt Connell,198.96,513
West,David Bremer,198.31,514
West,Andrew Gjertsen,197.19,515
West,Mark Hamilton,194.35,516
West,Erica Hernandez,194.35,516
West,Dorothy Wardle,192.93,517
West,Bryan Spruell,188.63,518
West,Bruce Degenhardt,184.95,519
West,Joni Wasserman,183.60,520
West,Nick Radford,182.94,521
West,Logan Currie,181.85,522
West,Frank Gastineau,181.64,523
West,Berenike Kampe,180.97,524
West,Scot Wooten,179.86,525
West,Jill Matthias,179.01,526
West,Ivan Gibson,175.26,527
West,Richard Eichhorn,174.49,528
West,Katherine Ducich,173.52,529
West,Edward Becker,172.59,530
West,Vivek Sundaresam,171.29,531
West,Meg O'Connel,168.66,532
West,Brendan Dodson,168.58,533
West,Vicky Freymann,168.20,534
West,Neil Knudson,166.00,535
West,Michael Moore,165.97,536
West,Denny Joy,164.68,537
West,Matt Collister,163.55,538
West,Anthony O'Donnell,161.28,539
West,Saphhira Shifley,159.82,540
West,Lisa Hazard,159.07,541
West,Annie Thurman,158.46,542
West,Don Weiss,158.28,543
West,Chuck Magee,155.04,544
West,Trudy Schmidt,152.94,545
West,MaryBeth Skach,152.30,546
West,Muhammed Lee,151.96,547
West,Skye Norling,150.37,548
West,Mike Kennedy,149.13,549
West,Ross DeVincentis,146.82,550
West,Troy Blackwell,146.69,551
West,Benjamin Patterson,145.66,552
West,Julie Kriz,143.70,553
West,Bryan Davis,143.24,554
West,Christine Kargatis,140.71,555
West,Patrick Jones,137.51,556
West,Magdelene Morse,136.96,557
West,Erica Hackney,133.67,558
West,Toby Ritter,132.20,559
West,Vivian Mathis,128.67,560
West,Liz Willingham,127.95,561
West,Dario Medina,124.03,562
West,Lena Hernandez,123.14,563
West,Nora Pelletier,122.38,564
West,Dean Braden,122.35,565
West,Eric Barreto,122.22,566
West,Robert Barroso,116.44,567
West,Nathan Cano,115.44,568
West,Nathan Gelder,114.37,569
West,Guy Thornton,113.52,570
West,David Flashing,110.10,571
West,Dorothy Dickinson,109.62,572
West,Lauren Leatherbury,109.03,573
West,Speros Goranitis,107.97,574
West,Caroline Jumper,107.76,575
West,Luke Schmidt,107.01,576
West,Ashley Jarboe,104.62,577
West,Clay Cheatham,103.47,578
West,Joy Bell-,100.99,579
West,Victoria Pisteka,100.36,580
West,Jim Sink,100.16,581
West,Sonia Cooley,99.20,582
West,Art Ferguson,97.84,583
West,Steven Ward,94.73,584
West,Lisa DeCherney,94.63,585
West,Carl Weiss,94.43,586
West,Erin Creighton,93.52,587
West,Randy Ferguson,93.17,588
West,Jason Klamczynski,90.86,589
West,Rick Hansen,88.77,590
West,Paul Lucas,88.57,591
West,Maurice Satty,83.10,592
West,Ann Chong,80.36,593
West,Dorris liebe,80.16,594
West,Melanie Seite,79.92,595
West,Clytie Kelty,77.53,596
West,Victor Preis,75.79,597
West,Steven Roelle,74.54,598
West,Neil Ducich,73.92,599
West,Filia McAdams,73.78,600
West,Allen Armold,72.81,601
West,Bobby Trafton,72.29,602
West,John Dryer,71.98,603
West,Amy Hunt,71.09,604
West,Rob Beeghly,70.06,605
West,Bill Shonely,69.86,606
West,Alan Shonely,68.45,607
West,Pete Armstrong,67.14,608
West,Susan Pistek,63.56,609
West,Ken Brennan,61.38,610
West,Bobby Elias,61.12,611
West,Elpida Rittenbach,60.98,612
West,Theresa Swint,60.63,613
West,Christy Brittain,59.99,614
West,Andrew Roberts,58.32,615
West,Bryan Mills,58.10,616
West,Jasper Cacioppo,57.78,617
West,Shui Tom,57.27,618
West,Jennifer Halladay,55.68,619
West,Alejandro Grove,55.50,620
West,Mathew Reese,52.76,621
West,Shirley Daniels,46.87,622
West,Lori Olson,46.32,623
West,Rose O'Brian,44.33,624
West,Brendan Murry,43.39,625
West,Monica Federle,43.13,626
West,Sung Shariari,42.91,627
West,Michael Kennedy,42.87,628
West,Thomas Brumley,42.72,629
West,Denise Leinenbach,41.37,630
West,John Grady,40.88,631
West,Chris McAfee,39.81,632
West,Joy Smith,39.62,633
West,Delfina Latchford,38.88,634
West,Darrin Van Huff,37.60,635
West,Jennifer Jackson,36.62,636
West,Theone Pippenger,35.21,637
West,Carlos Meador,35.12,638
West,Jennifer Patt,33.80,639
West,Benjamin Venier,33.40,640
West,Barry Pond,33.30,641
West,Kelly Williams,32.04,642
West,Sandra Flanagan,31.56,643
West,Mick Brown,31.21,644
West,Brooke Gillingham,29.33,645
West,Joy Daniels,29.24,646
West,Tonja Turnell,27.16,647
West,Carol Darley,24.78,648
West,Justin Ellison,24.68,649
West,Katharine Harms,23.77,650
West,Sally Matthias,23.47,651
West,Larry Blacks,21.48,652
West,Allen Goldenen,19.76,653
West,Lycoris Saunders,19.44,654
West,Parhena Norris,19.15,655
West,Paul Knutson,18.90,656
West,Mark Haberlin,17.25,657
West,Meg Tillman,17.24,658
West,Karen Carlisle,17.12,659
West,Karen Seio,16.78,660
West,Carl Ludwig,16.74,661
West,Fred Wasserman,16.59,662
West,Julia West,16.56,663
West,Adam Shillingsburg,13.97,664
West,Jill Stevenson,13.94,665
West,Tom Prescott,12.96,666
West,Georgia Rosenberg,12.96,666
West,Hallie Redmond,11.81,667
West,Catherine Glotzbach,11.76,668
West,Stuart Van,11.68,669
West,Brad Norvell,10.68,670
West,Astrea Jones,10.64,671
West,Sean Miller,9.96,672
West,Larry Hughes,8.90,673
West,Toby Braunhardt,8.23,674
West,Ralph Ritter,7.38,675
West,Tamara Chand,7.31,676
West,Roger Barcio,5.68,677
West,Neil Franz�sisch,4.71,678
West,Phillina Ober,4.30,679
West,Stuart Calhoun,4.26,680
West,Adrian Shami,4.18,681
West,Jack Lebron,3.98,682
West,Sara Luxemburg,2.22,683
West,Thais Sissman,2.03,684
